LEMMA, FREQUENCY, RANGE, UDP
הוא, 76957, 102, 0.95233961347881
ב, 13565, 102, 0.93719794585972
ל, 22771, 102, 0.9301829603771784
ה, 28027, 102, 0.9274873147048327
לא, 18167, 101, 0.9245851228328441
את, 19390, 102, 0.9239723019689874
זה, 13695, 102, 0.9081538853885489
של, 10668, 102, 0.905380020602953
ש, 10140, 102, 0.9001945476806512
עם, 2795, 102, 0.893412905983045
מ, 3325, 102, 0.8923564425845216
יש, 3543, 102, 0.8921369881299807
אמר, 2931, 102, 0.8823526967976882
כול, 4126, 102, 0.8781479580547025
ידע, 3127, 102, 0.8763904749259984
על, 4225, 101, 0.8760111299317093
היה, 6115, 102, 0.871846963024101
רצה, 3734, 102, 0.8707311825863685
אם, 2174, 102, 0.8660649688992385
מה, 11449, 102, 0.8632556075135526
ו, 6201, 102, 0.8628306884727804
טוב, 3606, 102, 0.8608618802581668
עשה, 2841, 101, 0.8605764353374192
הלך, 2082, 101, 0.8588953348620945
אבל, 2420, 102, 0.8569869110116142
גם, 1896, 101, 0.8548414560369981
רק, 1556, 99, 0.8531495647365988
איך, 1552, 102, 0.8509693954503494
צריך, 1971, 101, 0.8497692971144574
עוד, 1824, 102, 0.8494161026296492
יותר, 1212, 100, 0.8441231073560098
אל, 2229, 102, 0.8420624125030316
אחד, 1216, 102, 0.8413192764722862
מן, 1010, 102, 0.8411695824566205
דבר, 1450, 101, 0.8410414961649412
זאת, 1453, 101, 0.8402786303407621
אז, 2560, 102, 0.8388964725138977
שם, 1974, 102, 0.8376437815537607
בא, 2837, 102, 0.836439663218955
למה, 1811, 102, 0.8344344276739644
כמו, 1211, 99, 0.8338704635733283
כך, 1370, 100, 0.8328530885369324
ראה, 1465, 102, 0.8328035021429134
פה, 2253, 99, 0.8310687599626373
אין, 1583, 101, 0.829270057058986
כמה, 1016, 102, 0.8281162863800944
משהו, 1332, 101, 0.8200538733355072
דיבר, 1109, 101, 0.8195479579759448
כבר, 1806, 101, 0.815648452968807
אפשר, 690, 97, 0.8150032303178069
עכשיו, 1743, 98, 0.8147479697506617
איזה, 1811, 102, 0.812586677405278
אף, 728, 101, 0.8119007307061854
כן, 3103, 102, 0.8110915795110605
יצא, 670, 96, 0.8094144790114617
חשב, 1141, 102, 0.8080848154614639
מי, 1628, 102, 0.8067706485529059
זמן, 1023, 102, 0.8062294393044913
הגיד, 993, 98, 0.8059356748792286
בטח, 607, 96, 0.8051419565399311
יום, 1035, 101, 0.8022211748657734
פעם, 1175, 101, 0.8018896455427477
היום, 808, 100, 0.8018240756223537
קרה, 1245, 99, 0.8010445375478785
שמע, 812, 98, 0.7984659492246939
סדר, 2053, 101, 0.7946251398136781
רגע, 1097, 98, 0.7935518112757305
חזר, 690, 97, 0.7920444095472251
לפני, 503, 95, 0.7917195321960395
איפה, 1101, 101, 0.7909560407974618
מקום, 428, 91, 0.7892016048540406
הרבה, 607, 101, 0.7888524794197902
ככה, 480, 93, 0.7887565430518995
עד, 753, 100, 0.7887237999511558
הגיע, 857, 101, 0.7878229933026866
קרא, 584, 94, 0.7869635732958088
אולי, 1093, 100, 0.7863561948061102
נ, 140, 73, 0.785958571523805
הבין, 671, 97, 0.785392457679149
אחר, 669, 99, 0.7845753325652239
שני, 414, 94, 0.7837200999822459
לקח, 324, 87, 0.7825930932213997
הכול, 679, 71, 0.7821978285679746
אחרון, 270, 83, 0.781000883848717
באמת, 799, 99, 0.7809047155628187
אדם, 480, 92, 0.7807827117366282
כש, 395, 95, 0.7803932328723575
אלה, 717, 97, 0.7790450381932871
אחת, 509, 98, 0.7789890055210744
בלי, 495, 92, 0.7778660301655151
כ, 942, 102, 0.7767369566565137
דרך, 480, 94, 0.774928854980822
עצמו, 482, 97, 0.7747625387755389
קיבל, 528, 94, 0.7746630123181676
וה, 123, 63, 0.773223238980852
גר, 169, 67, 0.7723138200795477
קודם, 264, 82, 0.770096360817083
חוץ, 229, 79, 0.7696900024048996
מישהו, 505, 94, 0.7679954961151394
בן, 1223, 99, 0.7674341422375703
תודה, 1054, 101, 0.7669811780955405
הביא, 623, 101, 0.7666718045139773
גדול, 529, 94, 0.7666120211627503
ישר, 118, 61, 0.7661030507835224
שום, 627, 97, 0.7658729778702127
הזמין, 134, 64, 0.7657861928753122
הנה, 691, 92, 0.765414218499113
יחיד, 93, 57, 0.765186000408373
ניסה, 303, 87, 0.7650292907650973
נראה, 749, 100, 0.7643625707568913
העליי, 351, 86, 0.7640694602504533
אביא, 73, 53, 0.7638646931383144
לאן, 289, 87, 0.763806445203155
או, 994, 100, 0.7637804751501256
אי, 413, 94, 0.7627225904901029
נשמע, 129, 62, 0.7622545711936619
אחרי, 517, 97, 0.7621111593382335
הצליח, 121, 62, 0.7616991560526966
נכון, 761, 99, 0.7614111693362474
עבר, 507, 97, 0.761404692249354
נגמר, 190, 70, 0.7608385774877027
בשביל, 804, 100, 0.7608176774158342
ענה, 114, 55, 0.7603395709225294
מת, 603, 98, 0.759999894516158
רץ, 95, 54, 0.7599663978189818
לפחות, 130, 63, 0.7599516945855086
כאן, 1210, 100, 0.7599392551656738
הסתובב, 89, 56, 0.7599119424002314
שטות, 111, 56, 0.7597079396490481
הסתכל, 147, 69, 0.7596719044153694
נתן, 631, 97, 0.7596402286819357
בין, 257, 78, 0.7595228545516752
דקה, 224, 74, 0.7593763000258059
תמיד, 356, 91, 0.7592717743591921
רגיל, 95, 50, 0.7585420233928207
סגר, 113, 62, 0.7582481936926293
שנה, 689, 98, 0.7581888895838135
נפל, 129, 57, 0.7580805132766096
ישב, 303, 88, 0.7576798962502437
קטן, 463, 96, 0.7571585510970672
היקח, 103, 57, 0.7567307624155445
כדאי, 146, 66, 0.7564124663060214
מחר, 422, 90, 0.7563476700852059
עדיין, 142, 65, 0.7562836439248175
אחרת, 75, 50, 0.75621002153286
מעט, 187, 66, 0.7561506534064308
הבטיח, 163, 70, 0.7561081537907829
פתאום, 335, 85, 0.7558997448561036
הפריע, 153, 66, 0.7558939592805428
בדיוק, 311, 77, 0.7558282889428909
הספיק, 311, 84, 0.7557720920790607
עמד, 310, 85, 0.7554960508287596
חיכה, 282, 86, 0.7554535772394934
מתי, 259, 83, 0.7553988241167221
הדבר, 127, 63, 0.7553858384732975
מאוד, 988, 101, 0.7553200101561321
תראה, 498, 87, 0.7550948082436392
הכיר, 495, 98, 0.7547373499066833
שמר, 205, 75, 0.7543286537073466
לגמרי, 163, 70, 0.7540689262924376
יוצא, 71, 51, 0.7535754926843138
איתי, 182, 61, 0.7532539205379023
האמין, 316, 82, 0.7531965457798419
עזרה, 97, 52, 0.752787350753203
נגע, 100, 57, 0.7522863637324418
דחוף, 80, 51, 0.7521722756162716
יכול, 859, 101, 0.7520987657564502
מספיק, 127, 57, 0.7513181665090936
ודה, 155, 72, 0.7512726098045521
עזב, 374, 87, 0.7512453371291399
כאילו, 156, 70, 0.7512300649904731
בעיה, 451, 91, 0.7510400091854411
שינה, 128, 59, 0.75072129474789
פתח, 214, 79, 0.7504759482278345
גמור, 89, 54, 0.7503746922977835
חתיכה, 83, 51, 0.7503717965537408
כי, 698, 99, 0.7503280472888083
אגיד, 152, 69, 0.7502419119988437
קיווה, 121, 61, 0.7499956428850247
עלה, 288, 87, 0.7496392390078805
לבד, 324, 83, 0.7495120976830782
שאלה, 179, 63, 0.7487699517207669
תגיד, 281, 85, 0.7482552236101195
לילה, 586, 96, 0.748169651224915
בתוך, 111, 59, 0.747965755485726
קצת, 642, 93, 0.7472813846850035
בינתיים, 83, 51, 0.7472557029194451
שלומך, 138, 59, 0.7471703054605578
כוח, 213, 70, 0.7470919975016713
מאה, 109, 52, 0.746706334918704
אסור, 173, 67, 0.746514537680948
זהו, 337, 86, 0.7464864181237397
בכלל, 487, 88, 0.7462590209974673
מוכן, 312, 85, 0.7462050778426916
הפך, 130, 60, 0.7461320460561147
השאיר, 171, 72, 0.7459189272860705
שעה, 490, 94, 0.7459007690395618
לפה, 142, 62, 0.745807325837996
חודש, 271, 75, 0.7457413987240717
אצלך, 85, 54, 0.7457209813061899
החך, 70, 49, 0.7457168918631711
הכניס, 106, 52, 0.7456749930214981
נשאר, 416, 92, 0.7456118548256072
שניים, 95, 52, 0.7455621647622779
איתך, 173, 67, 0.7455281421618571
הפסיק, 242, 77, 0.7453461678464963
החזיר, 156, 68, 0.7451132906761828
דאג, 103, 53, 0.7448857372531822
מול, 89, 49, 0.7445433513037414
לישון, 162, 69, 0.744405076633042
מזמן, 76, 50, 0.7444038368408987
גמר, 202, 69, 0.744269468481475
שלח, 175, 66, 0.7438190719462009
חושבת, 94, 51, 0.7436804311908766
שבוע, 313, 92, 0.7434581917971534
אלך, 101, 54, 0.7430897285709572
כמעט, 156, 74, 0.7430222698275099
פחות, 87, 46, 0.7429875514887878
החליט, 131, 58, 0.7429114029613375
מספר, 126, 61, 0.7427847317665522
רעיון, 109, 51, 0.7425806698366919
ארבע, 113, 60, 0.7424449242101354
לשם, 112, 60, 0.742149731383166
עלי, 92, 48, 0.7420410610542436
מקרה, 132, 59, 0.741974916482135
במקום, 126, 62, 0.7419653356389674
תדאג, 205, 78, 0.7418930077023138
בית, 1505, 102, 0.7417495063531268
חזק, 207, 75, 0.7416131777706598
למעלה, 134, 59, 0.7413590229199969
מצוין, 123, 54, 0.7412357460783098
ילך, 247, 85, 0.7407898964614176
כלום, 599, 96, 0.7407664254690696
ליד, 140, 62, 0.7407166746840973
הרגל, 121, 58, 0.7404389948204956
דעה, 90, 49, 0.7403451074845431
החזיק, 138, 60, 0.7402928402032933
מצא, 348, 90, 0.740083142140592
בחר, 98, 53, 0.7399697694693076
ברח, 93, 48, 0.7397838238137455
אראה, 81, 47, 0.7397408180029813
חדש, 365, 91, 0.7395055143518457
מלא, 117, 54, 0.7390210409507061
יגע, 71, 46, 0.7387570685719869
לפעמים, 110, 54, 0.7384853988407643
אכל, 334, 89, 0.7384490647113539
נחמד, 116, 52, 0.7383814982427799
חבל, 185, 72, 0.7383289331160082
למד, 218, 66, 0.7382742793317376
וב, 86, 47, 0.7381440549957807
אכפת, 193, 72, 0.7379265413467129
אוויר, 122, 60, 0.7378089914939103
קרע, 62, 44, 0.7377345542426297
נפגש, 64, 46, 0.7377107420950881
עניין, 614, 98, 0.7376052864073256
ממש, 427, 86, 0.7375245529729462
הזכיר, 63, 42, 0.737494053384036
התחיל, 361, 92, 0.7374276889828348
שוב, 199, 66, 0.7371517824656892
הקשיב, 105, 49, 0.7370583686762273
ילד, 1117, 97, 0.7370373505529525
חלק, 86, 47, 0.7369904508567888
חיים, 1097, 101, 0.7367856825148886
חשבון, 104, 50, 0.7367577538870274
קנה, 154, 62, 0.7365741786476419
התבייש, 84, 46, 0.7364712728606139
רחוק, 95, 53, 0.7364098021565264
לאט, 141, 46, 0.7361047404453246
שכח, 230, 83, 0.7359841285674262
צדק, 94, 54, 0.7359826969584516
מטה, 116, 56, 0.7359508447064536
קרוב, 146, 67, 0.7359164509382641
גן, 58, 42, 0.7357970111978459
חסר, 101, 56, 0.7357019339778699
טיפל, 87, 46, 0.7356911475793788
סתם, 476, 90, 0.7356529618313687
התאים, 101, 50, 0.7354302652298663
רע, 260, 75, 0.7353349441808685
זכר, 255, 79, 0.7351931340460625
התחלה, 103, 51, 0.7351918301681788
רחוב, 138, 53, 0.735096773214488
בעוד, 104, 48, 0.7348737120213342
בגלל, 322, 90, 0.7348676301876954
רציני, 115, 53, 0.7347549394454146
הכין, 89, 50, 0.7345554144966691
החליף, 90, 49, 0.7345546307572488
דווקא, 184, 64, 0.7345258887403472
מצב, 184, 72, 0.7345075704100767
הצטער, 373, 79, 0.7343881868522977
חמש, 137, 56, 0.7342584747620886
ירד, 190, 73, 0.7342341152762074
גבוה, 73, 44, 0.7341576074918129
חשוב, 333, 84, 0.7340503809930454
יופי, 264, 81, 0.7339930189051939
שאל, 450, 97, 0.7338692863805338
גיל, 100, 48, 0.7338126007066332
שלם, 111, 51, 0.7334898468641755
חכה, 220, 68, 0.733242504898882
שקט, 314, 76, 0.7331754114478968
הכי, 347, 81, 0.7329408116801951
מילה, 180, 66, 0.7327279779580402
ראש, 488, 93, 0.7325684315992136
חרא, 87, 46, 0.7325639798351347
אקח, 86, 48, 0.732504483528419
נו, 804, 90, 0.732321407584154
ארוך, 69, 45, 0.7319451013986591
מין, 145, 66, 0.7319175810100573
נע, 76, 46, 0.7318921675152503
הת, 115, 60, 0.7315944451399852
אצלי, 101, 46, 0.731386046369962
אצל, 359, 85, 0.7310791663147383
הסביר, 102, 53, 0.7310584653126033
נעשה, 196, 73, 0.7309668838910898
אמצע, 86, 47, 0.7308752920593988
שווה, 72, 45, 0.7308472897664626
הדע, 69, 42, 0.7307475379798869
פחד, 271, 80, 0.7306669498001472
קול, 131, 52, 0.7303180664266821
שתי, 117, 57, 0.729862338643388
מוצא, 76, 46, 0.7297133442830381
נכנס, 407, 90, 0.7293889275982803
יפה, 722, 95, 0.7292060105951179
הערב, 104, 51, 0.7291186363069557
בטוח, 269, 87, 0.7287182172405313
סוף, 398, 89, 0.7285865941640322
אלי, 160, 66, 0.7285480237517254
טלפון, 199, 70, 0.7281622647838373
הוריד, 219, 72, 0.7280712738563295
שאמר, 63, 42, 0.7277906652846696
מוח, 78, 44, 0.7275850365363218
מבין, 319, 86, 0.7273699396013393
הראה, 64, 45, 0.7270036504376216
בגד, 136, 60, 0.7269705742235206
סליחה, 529, 88, 0.7269189384375042
כניסה, 79, 46, 0.7268923678004603
שה, 73, 45, 0.7268906486801814
חבר, 564, 94, 0.7268407824256546
כדי, 295, 83, 0.7265863582951897
קורה, 110, 56, 0.7261149695971469
מהר, 327, 77, 0.7260379701247075
יחד, 78, 43, 0.7259640164560095
צריכה, 144, 58, 0.7259337341997063
עשר, 110, 51, 0.7258664521214742
כאב, 121, 58, 0.7255486400567365
קשה, 292, 82, 0.7255477784909886
עין, 367, 87, 0.7253022711412165
תת, 54, 42, 0.7252559243969405
אהב, 834, 96, 0.7252364887217714
נגד, 72, 41, 0.7251383900415898
מסר, 92, 45, 0.7251109827482861
קשר, 320, 85, 0.724890111889033
בנה, 111, 51, 0.7248855430079405
אעשה, 156, 68, 0.7247654696791241
תפס, 72, 42, 0.7241670040491317
גוף, 99, 46, 0.7239253036126029
בוא, 837, 97, 0.7235770155027201
כוונה, 105, 47, 0.7233766367501524
ברור, 184, 62, 0.7233475540601938
הפה, 88, 40, 0.7231613912071257
אלייך, 88, 48, 0.7230896281461376
מיני, 110, 48, 0.7230882239255827
מים, 227, 74, 0.722647969688876
לפי, 103, 53, 0.722626371695126
חברה, 321, 81, 0.7222777388573763
למרות, 71, 42, 0.7221442254675315
סך, 70, 44, 0.7220913624746614
הבנה, 70, 41, 0.7219338553838228
הוציא, 217, 73, 0.7218312166359726
נפש, 79, 41, 0.7218221118769514
בעצם, 120, 49, 0.7215930603814347
שב, 516, 98, 0.7215731561709557
תזוז, 70, 42, 0.7214915998153861
חיפש, 296, 85, 0.7214551528728177
הציע, 100, 50, 0.7212752406797078
נמצא, 177, 76, 0.7211981635186868
שלום, 1062, 101, 0.7211954781156356
מעל, 77, 39, 0.721105749569448
מיוחד, 83, 45, 0.7208707486356751
המשיך, 232, 76, 0.720651664252894
תסתכל, 82, 47, 0.7206510071763819
שולחן, 72, 43, 0.7205453365252334
קל, 99, 49, 0.7205380772797918
גדל, 81, 46, 0.7204843236439578
עף, 79, 44, 0.720375890065573
זרק, 79, 44, 0.7201810654559851
בבקש, 198, 69, 0.7200354730747606
הציל, 80, 42, 0.7200008454885867
חי, 200, 69, 0.719719289659512
ביקש, 464, 89, 0.719709589948688
חם, 103, 48, 0.7196975493475428
בתור, 101, 48, 0.71968415914188
כלל, 103, 48, 0.7196509574960922
תעשי, 68, 42, 0.7195906018013689
הפעם, 109, 53, 0.7194520222593814
הרי, 140, 60, 0.7194425907442692
תיק, 81, 42, 0.7194202264757203
ביחד, 190, 66, 0.7192934248457775
שלוש, 188, 68, 0.719218524654935
לבן, 99, 47, 0.719187849415855
מסתכל, 65, 40, 0.7190075589931532
חץ, 253, 75, 0.7189307992205798
זז, 134, 53, 0.7188252474831729
נוח, 92, 45, 0.7188145316866288
שכן, 136, 58, 0.7185649806278862
מייד, 171, 61, 0.7182126837189315
איתה, 72, 43, 0.7180142228162322
שלושה, 142, 58, 0.7179758888731205
תוך, 101, 44, 0.7179312916243554
אתן, 177, 65, 0.7178171828983526
אור, 115, 57, 0.7176065363337055
הורה, 197, 62, 0.7176020745272438
נעל, 94, 46, 0.7174928232929201
אה, 789, 89, 0.7172738499016774
תעש, 76, 44, 0.7171921332592703
וא, 193, 57, 0.7171653778624215
עלייך, 125, 49, 0.7170007398025133
לב, 468, 88, 0.7168854959003877
מכה, 62, 40, 0.7168832689190267
עצר, 133, 52, 0.7164931473308973
איש, 1306, 102, 0.7162467832883002
שומע, 97, 47, 0.7159557290509458
חדר, 330, 83, 0.7158822666011758
ערב, 231, 78, 0.7157934917073104
אפילו, 400, 96, 0.7157446478133551
חזרה, 102, 46, 0.715595461001536
מפה, 324, 76, 0.7155222320240283
מדי, 196, 74, 0.7153753012011612
תרא, 284, 78, 0.7145377594584513
שיחק, 155, 54, 0.7145124287084496
עובד, 245, 77, 0.7142904593747215
וש, 63, 39, 0.7141295208508299
עזוב, 200, 67, 0.7140958231237877
צעיר, 105, 45, 0.7136093543866185
חייב, 562, 94, 0.7132020433211756
צורה, 68, 42, 0.7130348133751321
עבד, 310, 81, 0.7130154785777476
עזר, 408, 95, 0.7129844969210603
בערך, 65, 44, 0.7123810171803031
כנראה, 85, 46, 0.7123427465352423
מאוחר, 135, 63, 0.71217141040564
אמיתי, 139, 53, 0.7120020286579223
האליי, 247, 77, 0.7119148155371866
אתמול, 191, 75, 0.7117869570684442
תשובה, 70, 38, 0.7116044702189421
בבקשה, 580, 92, 0.7114190185929555
כוס, 158, 60, 0.7108248430644136
אופן, 114, 44, 0.7107589963023565
יד, 492, 91, 0.7107564674688419
לם, 72, 42, 0.7107313909858993
שמח, 229, 75, 0.7107125370684939
התכוון, 143, 65, 0.710513275358998
קם, 119, 50, 0.7102368924299274
כמובן, 79, 41, 0.7100617422774198
נהג, 79, 40, 0.7099872371974804
אדבר, 67, 40, 0.7098827860149683
סבל, 88, 44, 0.7098667298615188
הרגיש, 431, 90, 0.7092803678519694
מתוק, 79, 44, 0.7092319882579994
המון, 71, 39, 0.7091383346883975
הסכים, 87, 40, 0.7089730634699722
הלו, 251, 64, 0.7089625592688178
נדבר, 85, 43, 0.7089347771549366
בריא, 70, 39, 0.70810788713099
הבא, 62, 40, 0.7080232356208328
בוקר, 525, 87, 0.7080133379695839
גבר, 256, 74, 0.7077998303738522
ן, 72, 40, 0.707757321651138
החוצה, 162, 54, 0.7076998517123021
אהבה, 245, 58, 0.7074776961736764
צחק, 64, 39, 0.7074769289334324
פשוט, 452, 91, 0.7069893509734062
סיפר, 387, 89, 0.7069589853125263
הצלחה, 85, 44, 0.7067507003256566
רצח, 68, 39, 0.7066319350029693
אית, 119, 47, 0.7063882046089486
די, 724, 97, 0.706357731018011
כבד, 56, 37, 0.7062870206120362
שמחה, 122, 52, 0.7061677539449093
שפה, 65, 39, 0.706123588668802
קח, 362, 84, 0.7059685206058064
גידי, 332, 74, 0.7056273837768098
מושג, 57, 40, 0.7055927444071743
הפקה, 52, 41, 0.7055277068235806
הזדמנות, 66, 37, 0.7054809487426488
צד, 80, 41, 0.7052724952807103
כתובי, 49, 41, 0.7052456063047434
נורא, 317, 79, 0.7051612677410974
שילם, 176, 64, 0.7049047871948093
סגור, 85, 42, 0.7046571500741283
הודה, 58, 38, 0.704269061380397
אוכל, 182, 75, 0.7042272946336006
התערב, 68, 37, 0.7039319188487811
עדיף, 72, 39, 0.7038545924031405
שש, 93, 45, 0.7037038833923681
לחץ, 101, 47, 0.703669837415217
הרים, 65, 35, 0.703666793948553
זוכר, 87, 42, 0.7030260212194835
תיכנס, 104, 44, 0.7029385700011392
משפחה, 389, 80, 0.7028589108977623
בדק, 94, 44, 0.702585534541305
דלת, 187, 66, 0.7025373300296442
עבודה, 428, 89, 0.7024493587058724
נעים, 204, 62, 0.7024185357240766
בחור, 119, 48, 0.7024172433981422
בת, 441, 92, 0.7024113078619685
עץ, 75, 40, 0.7023580134703675
תפסיק, 73, 40, 0.7022621853425466
החלטה, 59, 37, 0.7020847797420935
שתיים, 149, 64, 0.701914361630855
מתחת, 48, 36, 0.7016384593246823
מדבר, 64, 35, 0.7016172967047082
התקשר, 147, 52, 0.7009991443022825
הודיע, 79, 40, 0.7007586407729545
תוריד, 73, 36, 0.700664064910894
משוגע, 69, 38, 0.6999619977858473
העביר, 90, 44, 0.699904792204017
אמור, 76, 41, 0.699878294142912
סיים, 88, 41, 0.6998697511529021
שחרר, 71, 37, 0.6997178697104378
שומר, 70, 36, 0.699679016297257
תי, 89, 42, 0.6996637648273132
אלא, 88, 40, 0.6995065199438488
פנים, 231, 79, 0.6993734867631871
הידי, 77, 40, 0.6993710865666497
טעות, 112, 47, 0.6992596371181568
שנייה, 323, 79, 0.6992090312316164
קפה, 182, 53, 0.6991273653691198
מחיר, 44, 33, 0.6989198883304688
הל, 101, 41, 0.698876736537691
תני, 79, 40, 0.6986582149640737
הרס, 70, 36, 0.6985313119962056
הניח, 68, 39, 0.6985184247170362
שמונה, 67, 38, 0.6984134688176213
מף, 69, 40, 0.6983173598907236
בוך, 73, 35, 0.6982681538326838
צוחק, 59, 36, 0.6981768339379117
נהנה, 71, 42, 0.6981040903166846
בצד, 54, 38, 0.6979596505626986
השתגעה, 64, 36, 0.6979069279659984
ישן, 262, 88, 0.6977948250165675
קבע, 69, 40, 0.6976588543568383
ואיך, 60, 35, 0.6975191413738213
בחורה, 158, 51, 0.6969609810104457
קיים, 66, 34, 0.6968518902557784
שמעה, 52, 35, 0.6968012890449067
כנס, 89, 38, 0.6962248021153876
חך, 71, 39, 0.6961621001313598
אמת, 231, 70, 0.6961615627613491
רוח, 131, 54, 0.6960809295419682
פרצוף, 65, 34, 0.6959541495041446
חושב, 164, 68, 0.6956037052228631
יף, 62, 34, 0.695595890862529
מישהי, 86, 37, 0.6952981078940993
חלום, 103, 38, 0.6952729926524739
אידיוט, 81, 40, 0.695164379381167
רוב, 62, 36, 0.6948761765705356
נמאס, 82, 41, 0.694698096528385
שבע, 71, 37, 0.6945253972794458
השתגע, 57, 37, 0.6944566556311009
חלון, 80, 39, 0.6940549957806867
זו, 407, 86, 0.693982828631764
רגל, 53, 36, 0.6939290667594536
נהדר, 74, 39, 0.693920146063866
סלח, 133, 50, 0.6938093034722967
התחה, 51, 36, 0.6936274549655381
שבר, 63, 35, 0.6936166669854025
ברית, 101, 43, 0.6935273952871159
עשרה, 71, 35, 0.6932138823454999
שבת, 149, 46, 0.6926698038279877
הסתדר, 56, 34, 0.6923407850918994
דירה, 125, 50, 0.6921083591180254
לכי, 88, 41, 0.6920532128640201
שר, 190, 58, 0.6920353605918967
נשבע, 74, 37, 0.6920176209664998
מטבח, 70, 38, 0.691914132736598
קטע, 100, 40, 0.6917032042391497
מוות, 93, 39, 0.691668905830247
אלוהים, 231, 65, 0.6915527771650003
קחי, 80, 37, 0.6912911220446516
תפתח, 88, 41, 0.6909580316907451
חופשי, 58, 33, 0.6906007684190502
גבול, 55, 35, 0.6904736938494697
כיף, 81, 40, 0.690333793153064
גרם, 61, 35, 0.6903087256794421
חופש, 72, 34, 0.6902952046886317
התחתן, 152, 39, 0.6900775046893382
שירות, 63, 37, 0.6899802530927241
אישי, 79, 39, 0.6898366282656097
הלוואה, 59, 35, 0.6895374039272946
נורמאלי, 63, 34, 0.689474585880284
קצר, 69, 36, 0.6892746379509711
אלף, 130, 54, 0.6890363143601609
בחינה, 67, 35, 0.6885976715137544
פגע, 54, 34, 0.6885675309619548
אשם, 80, 36, 0.6884021932299127
ם, 66, 37, 0.6883402935865504
תעזב, 76, 37, 0.6883048133545436
עיתון, 57, 37, 0.6882293355272678
שאבא, 81, 36, 0.6881584465684836
פגישה, 89, 36, 0.687911473471946
זכות, 62, 33, 0.6874038827122707
נה, 480, 86, 0.687366788124354
מיטה, 107, 49, 0.6873340734346955
חלה, 225, 70, 0.6872952296197052
התקרב, 60, 38, 0.6872456420754145
יא, 133, 40, 0.6869347330855735
פנה, 57, 32, 0.6869269579158057
הודעה, 93, 39, 0.6868720343757897
נרגע, 136, 48, 0.6868710662424048
זבל, 69, 36, 0.6867089641890575
אש, 128, 41, 0.6864419833251765
מסוכן, 70, 36, 0.6863668449548139
משטרה, 232, 57, 0.6862604418260962
דואג, 50, 34, 0.6862498841518042
תקע, 57, 34, 0.6860058631381609
וואלה, 97, 37, 0.6859937188780285
אחוז, 56, 36, 0.6859264534099786
תביאי, 73, 38, 0.6858655757339609
צא, 72, 37, 0.6858597544000185
סימן, 58, 34, 0.6857700177973105
מדינה, 107, 43, 0.6857141437430585
רופא, 167, 56, 0.6854188064526591
שיעור, 91, 40, 0.6852595300652222
כיתה, 77, 36, 0.685044668889333
אח, 359, 72, 0.6850212502831412
לעולם, 72, 37, 0.6849542189609488
איבד, 67, 36, 0.6847638272996859
חמוד, 84, 39, 0.6841573246759018
תמונה, 140, 49, 0.6841442087632104
בר, 104, 43, 0.6841236191864373
סיבה, 139, 51, 0.6839819251197268
שדה, 73, 36, 0.6838526625217383
אחריי, 45, 34, 0.683711662376896
נעלם, 74, 37, 0.6836355947706794
ישראלי, 101, 39, 0.6833953849298485
זוג, 137, 45, 0.6832677274620946
הרג, 242, 77, 0.6830971042432469
יופ, 49, 33, 0.6827751211731479
רצי, 46, 32, 0.6827084576499646
קלט, 74, 35, 0.6826188771674269
הרשה, 50, 34, 0.6824409905874356
תל, 167, 55, 0.6823410926643126
עולם, 385, 82, 0.6822989088066018
מלחמה, 157, 46, 0.6820262258256311
שנא, 57, 32, 0.6819393882239699
לימד, 60, 35, 0.6819060293633851
מצחיק, 77, 34, 0.6816799663949962
התגעגע, 66, 35, 0.6815064694904507
טעם, 50, 34, 0.6813841298540393
צהריים, 71, 36, 0.6812902490181444
סמך, 54, 35, 0.6812499898378774
הגב, 49, 34, 0.6812426731097233
הקרא, 56, 33, 0.6809876619058381
מנהל, 92, 39, 0.6809507992800905
נפלא, 66, 33, 0.6809138145099538
בלתי, 55, 31, 0.6809117944031908
המ, 85, 35, 0.6805688550506417
ההוא, 70, 32, 0.6804772736616601
לתוך, 63, 36, 0.6804099726669233
שטח, 76, 33, 0.6802369866855231
סיפור, 252, 72, 0.6801336597187687
כסף, 618, 78, 0.6799998264612049
השתמש, 56, 34, 0.6799137288067485
כלב, 104, 44, 0.6798436927989762
בואי, 78, 37, 0.6798369441074095
עייף, 57, 34, 0.6793687777324321
זוז, 68, 33, 0.6793672235254712
שחור, 87, 37, 0.6792211255976099
כיוון, 77, 33, 0.6788967167908648
מילא, 43, 32, 0.6788883125836344
לכן, 82, 35, 0.6786605422413354
סיבוב, 52, 34, 0.6784663812600706
ויתר, 49, 31, 0.6784232938609398
נח, 54, 31, 0.6784086604046313
גש, 79, 36, 0.6781518648570055
מתנה, 55, 30, 0.6781441939397093
קדימה, 316, 63, 0.6776662440390019
אביב, 162, 50, 0.6776385471655668
בחייך, 84, 37, 0.6775824701723319
העדיף, 42, 33, 0.6775745533950432
התראה, 244, 81, 0.6774895114235451
הכריח, 47, 30, 0.6772070910477392
הלכה, 67, 32, 0.6770867715180909
מכונית, 94, 40, 0.6770383219777596
מסוגל, 64, 32, 0.677023613927148
הביתה, 385, 96, 0.6770147487290907
מאחורי, 44, 33, 0.6767875986335603
הסדר, 45, 34, 0.6766258176443711
השנה, 58, 34, 0.6764768759712536
אבן, 72, 34, 0.6763622799358513
שעשה, 45, 32, 0.6763412782161492
חומר, 74, 36, 0.6763333242954528
התעורר, 43, 32, 0.6762144549281417
כדור, 169, 49, 0.6757105724008723
הופיע, 54, 30, 0.6756461890414924
יקר, 54, 32, 0.675548632666102
חן, 96, 38, 0.6752294234635008
ול, 53, 30, 0.675160554631923
כולה, 45, 33, 0.6751315791613077
פרח, 50, 32, 0.6750015039941206
רואה, 37, 28, 0.6746015228550197
נסע, 447, 81, 0.6741264593176111
סיכוי, 66, 33, 0.6740848682326238
צבע, 56, 31, 0.67398854362965
בדיקה, 57, 31, 0.6735901884301391
באתי, 39, 31, 0.6735446621216237
אדום, 87, 35, 0.673443844522573
הבחורה, 48, 32, 0.6731080973417514
אוי, 173, 50, 0.673103412192124
נוסע, 55, 33, 0.6730357430300035
נשא, 51, 31, 0.6726552731659807
נשמה, 72, 32, 0.6726488823200929
נוסף, 50, 32, 0.6724854925540096
צבא, 191, 50, 0.6724745767958041
רעב, 88, 35, 0.6721185468120573
עצוב, 57, 31, 0.6720886332189214
משרד, 132, 49, 0.6719004553468457
משחק, 160, 52, 0.6718515915509675
כתב, 396, 78, 0.6716858641682513
במיוחד, 48, 31, 0.671613858858688
כמוני, 51, 29, 0.6716000383721743
אב, 84, 34, 0.6714323536737601
סכנה, 58, 31, 0.6711171343139917
לאבא, 51, 31, 0.6710789247336304
תוכנית, 127, 45, 0.6709581443077206
בניין, 65, 32, 0.6709504254771226
כעס, 61, 35, 0.6709244604725956
אהלן, 131, 45, 0.6708696874083975
מכר, 67, 33, 0.6706472377725279
יכולת, 46, 32, 0.6701854709290131
מזל, 267, 67, 0.669669798402917
עשרים, 69, 31, 0.6696658654083497
תקופה, 70, 34, 0.6696499328835366
מטומטם, 54, 29, 0.6692488092852955
אולפן, 52, 35, 0.6691838921416713
צורך, 48, 30, 0.6691090989205387
הר, 68, 31, 0.6690424353973552
עסק, 227, 61, 0.6688800921339026
מצטער, 52, 33, 0.6688497615559592
זקן, 94, 38, 0.6687611132538535
שאר, 46, 34, 0.6687001751136938
הפתעה, 55, 32, 0.6685595313391726
ביקר, 72, 32, 0.6682957678057097
יאלל, 495, 72, 0.6680649484361179
איף, 43, 30, 0.6680489863079626
נולד, 52, 29, 0.6680124026671912
שת, 57, 32, 0.6677701376683052
חוק, 60, 32, 0.6676067307395261
אוטובוס, 85, 32, 0.6675317844887851
אורח, 95, 37, 0.6675001118903165
עיר, 248, 58, 0.6670028449746849
שמ, 36, 28, 0.6669937515141563
תחזר, 54, 33, 0.6668563596188147
ספר, 417, 85, 0.6667572689335235
חוזר, 63, 31, 0.6664025031004475
בעל, 288, 69, 0.6663972970289928
ניהל, 42, 29, 0.666160457474363
התנצל, 61, 31, 0.6660011153945585
הפסיד, 46, 29, 0.6658312047074203
עיקר, 40, 29, 0.6656230844399207
תחנה, 70, 33, 0.6655509391775487
בקושי, 54, 30, 0.664612562984835
אצבע, 49, 32, 0.6644198891434387
זונה, 203, 65, 0.6643683156211779
תהי, 55, 32, 0.6641971354196307
אלו, 60, 33, 0.663949992601975
כרגע, 52, 34, 0.6639052792632543
עוזב, 60, 33, 0.6637418723344752
נשיקה, 46, 30, 0.6623516939851617
שתדע, 45, 31, 0.6621468255968418
שמן, 79, 31, 0.662019004105415
הריח, 48, 28, 0.6616988792398408
עולה, 49, 28, 0.6614216565397729
אבא, 1151, 89, 0.6614119552885711
השטות, 40, 29, 0.661268818218328
טלוויזיה, 83, 36, 0.6610077569659905
ארוחה, 47, 28, 0.6609728972129769
דיברה, 43, 28, 0.6609159893273324
עשי, 45, 32, 0.6608615203510728
משנה, 49, 29, 0.6608598944114832
כרטיס, 66, 33, 0.6605950633419255
שוגע, 43, 29, 0.6603737384741206
אך, 64, 33, 0.6602078926359569
ניצח, 61, 30, 0.6600492702343317
רמה, 82, 31, 0.65989949948424
סופר, 47, 27, 0.6597014124537216
נשם, 62, 28, 0.659597352319972
שן, 51, 31, 0.6595941004407923
שונה, 46, 30, 0.6594558955756558
העיר, 43, 30, 0.6594054914483707
נזכר, 40, 30, 0.6590217697051683
דם, 176, 44, 0.658920351723252
תכיר, 50, 30, 0.6587916992532059
שונא, 42, 31, 0.6587851954948466
סיגריה, 74, 32, 0.6584584036094453
בגללך, 45, 30, 0.6582957876783045
שוק, 67, 29, 0.6582535132489687
שקל, 90, 31, 0.6577375303531305
תפקיד, 65, 28, 0.6576803445290949
ניקה, 47, 29, 0.6576234616579056
בקרוב, 52, 31, 0.6575299701314897
עשית, 42, 29, 0.6574088376320467
גנב, 61, 29, 0.6573876071257629
קצין, 95, 30, 0.6573063349772723
ותק, 126, 37, 0.6570345876321693
רשם, 49, 27, 0.6570129213419205
חכם, 54, 27, 0.6567202522157491
מכתב, 163, 39, 0.6567028756098257
קשור, 37, 27, 0.6566470849342063
אהוב, 59, 26, 0.6563730176592748
גיבור, 51, 27, 0.6563162062276738
האם, 145, 42, 0.6562750531359861
דיבור, 41, 26, 0.6562641761607988
ים, 204, 65, 0.6554529199786818
שיחה, 50, 31, 0.6552131362911342
התחל, 45, 26, 0.6551430908136039
משפט, 125, 37, 0.6551301093119186
ישראל, 305, 58, 0.6550396304116701
האבא, 47, 26, 0.6550178934651862
ואבא, 37, 26, 0.6549146463012313
הכף, 36, 28, 0.6549008258147176
שתוק, 63, 28, 0.6547493940600607
דובר, 48, 28, 0.6546252290542397
גרוע, 39, 29, 0.6545829546249039
הבן, 40, 30, 0.6545666952290055
צעד, 79, 29, 0.6544646006298231
חתך, 38, 26, 0.6544528794577167
הרביץ, 40, 25, 0.6544187347263299
אדמה, 99, 35, 0.6543726253788706
רני, 40, 28, 0.654295163317502
חתיך, 38, 29, 0.6542537018579613
שקר, 47, 27, 0.6542301257339085
חלם, 59, 30, 0.6541922744114228
שתק, 42, 30, 0.653613894629359
בעצמך, 33, 26, 0.6535456051665858
נשבר, 48, 28, 0.6535195901331481
מוקדם, 42, 31, 0.6534464228516054
מלך, 162, 47, 0.6534123684501959
רצון, 44, 27, 0.6531862725172308
תכף, 52, 29, 0.6531057572394647
ביי, 293, 50, 0.6530824204815515
וואו, 50, 27, 0.6527342613112552
מעניין, 48, 28, 0.6525903656575543
נקרא, 41, 27, 0.6524594775205722
שרף, 66, 30, 0.6523399709607189
תראו, 38, 27, 0.6523399709607189
רצינות, 47, 26, 0.6522944446522034
התלבש, 38, 30, 0.6522407886457386
חולה, 39, 28, 0.6521367285119888
זיין, 60, 29, 0.6520773817169596
הזהיר, 41, 27, 0.6520497407439324
קומה, 44, 30, 0.6520188478917255
אינו, 121, 38, 0.6518332959344832
חמור, 46, 29, 0.6517237398561693
מלון, 68, 31, 0.6516213773946382
סרט, 208, 53, 0.651246487501465
ריח, 41, 28, 0.6512351450094224
ארץ, 343, 71, 0.6510604750122309
נפטר, 49, 27, 0.6509042663028899
טמבל, 43, 27, 0.6507335426459566
טיפול, 44, 28, 0.650666879122773
שיר, 293, 56, 0.6504936027961765
תא, 70, 30, 0.6501886670616925
חנות, 60, 26, 0.6498140467089086
אוקיי, 246, 47, 0.6493999945828453
עוף, 69, 28, 0.6491253705698949
אחלה, 49, 30, 0.6491059771165262
גברת, 281, 53, 0.6490574043411279
אדוני, 244, 52, 0.6489002691036639
רקד, 84, 27, 0.6488617958316949
פעולה, 39, 27, 0.6488263155070737
אשר, 91, 29, 0.648795717468089
טובה, 40, 27, 0.6487190034941441
דפק, 45, 28, 0.6486458362126013
לבש, 46, 29, 0.6482604885298091
פרטי, 51, 26, 0.6482360994359615
ביטחון, 40, 28, 0.6481304133626219
מורה, 144, 33, 0.6481204093176456
התחנן, 42, 27, 0.6481035853593895
פתוח, 39, 29, 0.648099520510415
תאכל, 38, 27, 0.6480556201414894
מותק, 81, 30, 0.6478660375926467
תקשיב, 62, 28, 0.6478214848405521
אימא, 656, 67, 0.6477502681908038
עבור, 52, 30, 0.647527971476517
אתי, 145, 32, 0.6474238641172009
ברוך, 204, 56, 0.647354322109281
מנה, 36, 27, 0.6473003712020085
תן, 620, 95, 0.6472424510378451
גב, 66, 27, 0.6471883784538961
חתונה, 84, 30, 0.6468895311092182
מוזר, 58, 33, 0.6468638064221363
צלצל, 63, 27, 0.6468597415731616
עובדה, 37, 30, 0.646803646657312
ארבעה, 44, 27, 0.6467142199798708
מוזיקה, 47, 28, 0.6466182895440702
ביותר, 44, 27, 0.6465434963229375
עליכם, 45, 27, 0.646202861978866
פגש, 42, 29, 0.6460727868116789
אללה, 107, 32, 0.6460558891965023
הו, 179, 39, 0.6460180362481158
תפסיקי, 51, 28, 0.6459199484902338
נייר, 53, 28, 0.645806132718945
נפתח, 38, 28, 0.6457475988937107
נשק, 142, 40, 0.6455791881930955
ואימא, 36, 24, 0.6455394786262112
תש, 32, 28, 0.6454874485593363
נשוי, 42, 27, 0.6451915275539852
בכי, 40, 27, 0.6451915275539852
ירה, 79, 27, 0.6450346758373501
יכאל, 36, 28, 0.645020803897052
פ, 99, 33, 0.6445714615313121
מדברה, 39, 27, 0.6440549957806867
י, 244, 69, 0.6439250605509232
שער, 61, 30, 0.6439183235635242
יכסתל, 38, 26, 0.6438111048422107
אפס, 58, 25, 0.6436924112521523
האוטו, 77, 29, 0.6436101218160275
שים, 37, 24, 0.6436021716049162
שישי, 57, 26, 0.643502989289936
תביא, 49, 28, 0.6432934255862699
הב, 72, 27, 0.643222853448103
בריאות, 45, 25, 0.643166419794839
יבש, 38, 26, 0.6430680504496538
והיי, 383, 72, 0.6429644318243042
כתובת, 50, 27, 0.642643680216705
הכיל, 329, 49, 0.6424918426635489
מרכז, 48, 27, 0.64244287667736
שהייה, 30, 27, 0.642075414330056
שומעה, 36, 27, 0.6419396483743043
שהכול, 35, 25, 0.6418884312772244
אחריות, 47, 29, 0.6418290844821952
אחותי, 56, 26, 0.6418168899352713
אמרה, 33, 25, 0.6417762414455254
שתה, 42, 28, 0.6414705648026353
הפחיד, 32, 25, 0.6413234172697546
נרדם, 43, 27, 0.6412600056257509
התאהב, 35, 25, 0.6412396813808781
זין, 37, 25, 0.641208788528671
שנשאר, 30, 25, 0.6410161146872749
מיל, 53, 24, 0.6407494605945411
דוד, 206, 55, 0.640735308605781
הגעה, 39, 27, 0.6407136899235645
עוצר, 64, 27, 0.6406096297898147
עצב, 40, 24, 0.6404104521900593
אחי, 149, 33, 0.6403481645177183
ניסיון, 44, 25, 0.6403177736334384
לגבי, 34, 26, 0.6402795640530772
אוהבה, 31, 26, 0.6400462417219351
מאושר, 51, 26, 0.6399698225612126
לחם, 76, 27, 0.6399583340143737
נפגע, 39, 26, 0.6399568150444939
זיהה, 40, 24, 0.6398470641221795
תר, 47, 24, 0.6392828630845049
אמן, 125, 32, 0.6392316134686332
שמש, 88, 29, 0.6391280108151589
צבאי, 56, 25, 0.6390536056023375
כביש, 64, 27, 0.6389682183685648
תבואי, 41, 26, 0.6387918293283732
טיפש, 47, 26, 0.638477210017739
כואב, 32, 25, 0.6384617635916354
תורה, 53, 23, 0.6384097335247606
תחת, 42, 26, 0.6383804666121435
ניתן, 44, 24, 0.6381016179724858
חד, 38, 26, 0.6377756170847229
כלי, 47, 26, 0.6372601942347433
חיה, 30, 23, 0.637182149134431
שנתי, 32, 26, 0.6371545081614038
ולך, 35, 24, 0.6370984132455542
מטר, 42, 27, 0.6369845974742654
חטף, 49, 27, 0.6369683380783672
שוכב, 30, 25, 0.6369423230449296
עונש, 41, 24, 0.6368797243707207
מסעדה, 59, 28, 0.6367520881129184
חולצה, 39, 25, 0.6366203870061411
נקודה, 40, 27, 0.6365325862682898
קום, 177, 42, 0.636454251805847
גומר, 34, 27, 0.636356984792587
הוכרח, 41, 25, 0.6363228400612002
סביבה, 37, 27, 0.6361765054981148
כיס, 33, 26, 0.6358342452144534
ניסע, 40, 27, 0.6355009275985359
חוסר, 29, 24, 0.6353724783709387
נסיעה, 36, 26, 0.6353261390926281
שוטר, 129, 33, 0.6352624564586928
מניאק, 52, 26, 0.6352009417442104
כפר, 70, 24, 0.6351027814484009
תלוי, 30, 25, 0.6350993205198454
יחידי, 28, 21, 0.6348367312760862
הרגיע, 34, 24, 0.6347277933235669
חשבת, 33, 26, 0.6345969051865847
תיחזור, 51, 23, 0.6344017924358039
אישור, 70, 27, 0.6343556622068691
חלש, 35, 26, 0.6340327041489101
מסכן, 37, 24, 0.6339652276559317
חושך, 41, 26, 0.6335961393690378
חשמל, 57, 27, 0.6335644335470361
מתן, 33, 25, 0.6334782587487744
תעשה, 42, 24, 0.6333701337660501
הוכיח, 34, 22, 0.6333676948566653
שכונה, 45, 23, 0.6332807070886088
הוסיף, 30, 25, 0.6330392550595176
החלט, 38, 25, 0.6330197437844395
מותר, 47, 21, 0.6329685266873595
איתן, 170, 42, 0.6329657721544073
נת, 45, 27, 0.6329034891037658
הבחור, 44, 26, 0.6328360126107875
סבלנות, 34, 24, 0.6327522767219106
קר, 157, 35, 0.632662844866318
נהרג, 43, 24, 0.6326563462861101
אשתך, 39, 26, 0.6324742410520481
שופט, 53, 23, 0.6324279017737375
פרט, 37, 24, 0.6323596123109642
נקי, 53, 25, 0.6320406367093535
בלבל, 33, 24, 0.6318295560046763
שבי, 34, 26, 0.631709236475028
ללא, 41, 26, 0.6317011067770788
גל, 28, 23, 0.6316547674987684
הוטרף, 39, 24, 0.6315694056703016
כנסת, 71, 24, 0.6313740982647812
אפשרי, 31, 22, 0.6312938089098237
עברית, 44, 25, 0.6312848662420796
לירה, 92, 22, 0.6311890948655867
טיול, 57, 24, 0.6311507262259177
תיזהר, 34, 23, 0.6310783719141698
עצור, 74, 25, 0.6308709108113688
כוכב, 50, 25, 0.6307492492223943
עוזר, 38, 27, 0.6307060317480965
שלישי, 47, 28, 0.6305442507589074
בוש, 32, 23, 0.6305336821515732
נצא, 46, 23, 0.6305231135442394
דופק, 33, 25, 0.6304588889304407
בעד, 42, 22, 0.6303182451559195
תפחד, 41, 24, 0.6302751577567887
גרוש, 46, 25, 0.6301491474385761
למשל, 43, 22, 0.6300938654925214
ישיבה, 48, 25, 0.6299938702077463
שקרן, 46, 23, 0.6298507875238404
ביצה, 41, 26, 0.6297158345378836
השיג, 34, 24, 0.6296280338000322
דפוק, 44, 27, 0.629416661653353
כועס, 31, 25, 0.6293906466199155
זר, 38, 22, 0.6292646363017029
אשה, 29, 22, 0.6289825357828656
ייבוא, 35, 21, 0.6287467745423386
הא, 119, 31, 0.6287102592183568
עזאזל, 38, 22, 0.6286687294420263
נתקע, 37, 24, 0.6286597867742821
התגעגיע, 35, 25, 0.6285240208185305
לפ, 55, 27, 0.6284614221443217
מעשה, 38, 23, 0.6284467886880131
מוכרח, 44, 24, 0.6282142793266658
ראשון, 41, 26, 0.6281695659879452
התח, 29, 23, 0.6281427379847129
החולצה, 44, 25, 0.6281094062231212
דולר, 82, 29, 0.6280838274173786
איי, 44, 23, 0.6275777239772433
קבר, 49, 25, 0.6272744862437383
החרא, 32, 23, 0.6272720473343533
זורק, 30, 22, 0.6271948152038359
קו, 73, 23, 0.6271811729024828
הדליק, 26, 23, 0.6270362860938266
ארגן, 31, 23, 0.626989946815516
שלושים, 36, 21, 0.6267769487292469
עשיתי, 48, 23, 0.6267338613301161
דג, 50, 21, 0.6265437564732721
מקסים, 38, 25, 0.6263021743690135
שייך, 48, 23, 0.6260225127595609
תנאי, 36, 21, 0.6259582881457623
תשע, 43, 26, 0.6259054451090924
ארון, 55, 23, 0.6257404122407236
הצטרף, 35, 24, 0.625694885932208
יחידה, 46, 24, 0.6256932599926182
ירושלים, 153, 33, 0.625595793947205
מחלה, 51, 25, 0.6255103417887613
התרחק, 33, 21, 0.6254753840875796
השתנה, 41, 23, 0.6253225457661346
קרב, 45, 23, 0.6252737675784394
עמוד, 56, 22, 0.6251233681663793
סוג, 38, 27, 0.6249266294760085
ברירה, 35, 26, 0.6249250035364187
איום, 25, 22, 0.6247762300639482
בקשה, 35, 21, 0.6247681003659991
ידיד, 49, 22, 0.6245697357360385
לאחר, 44, 27, 0.6245477855515755
רבותיי, 126, 23, 0.6245053691751327
דבק, 29, 23, 0.6244559199647497
נדמה, 32, 22, 0.6243778748644373
נתה, 34, 23, 0.6243079594620741
סוד, 43, 21, 0.6240209811244674
מסביב, 25, 22, 0.6239071653531785
צעק, 35, 21, 0.6238949708062548
שאימא, 36, 21, 0.6238396888602001
מבחן, 43, 23, 0.623809608977788
וי, 46, 24, 0.6237226212097315
שמך, 33, 22, 0.6237112396326027
סליח, 27, 23, 0.6237079877534231
הלאה, 42, 22, 0.6236014887102885
חמישה, 27, 21, 0.6233592237114023
שבאת, 29, 23, 0.6230982604072328
בד, 56, 22, 0.6229803797869694
ערך, 28, 20, 0.62287306777404
מר, 275, 47, 0.6227740037092115
ג, 45, 23, 0.6227649427913156
השתתף, 33, 22, 0.622760064972546
בדיחה, 30, 20, 0.6224299992358084
צ, 73, 23, 0.6223148248026705
ח, 43, 23, 0.622086925982352
אקדח, 65, 25, 0.6219901575623012
התייחס, 25, 21, 0.6218690500773134
תה, 30, 24, 0.6218536036512099
חתם, 52, 23, 0.6218479128626455
דרש, 32, 19, 0.6218243367385928
אגב, 32, 23, 0.6218153940708487
רגעי, 52, 25, 0.6216097127127338
סתום, 35, 22, 0.6215715031323726
פנימה, 46, 25, 0.6215666253136032
חמדה, 26, 21, 0.6213780163211816
שתלך, 32, 23, 0.6210951028325493
אמק, 32, 24, 0.6208138152835069
מזרח, 26, 21, 0.6206666677506264
אדון, 203, 36, 0.6205008098981307
חשבתי, 39, 24, 0.6203357890440939
ואחרי, 31, 22, 0.6200845813774636
מפתח, 38, 23, 0.6199740174853543
המציא, 25, 21, 0.6198797129891436
עזבי, 48, 24, 0.6198780870495537
מטוס, 61, 23, 0.6196764705404135
מעמד, 41, 21, 0.6196675278726694
נמשיך, 29, 21, 0.619640699869437
שכב, 41, 22, 0.6195569639805603
טל, 43, 24, 0.6194407092998866
זכה, 50, 23, 0.619336649166137
ברכה, 50, 21, 0.619048857858735
תינוק, 125, 33, 0.6190091068876427
אחראי, 44, 26, 0.6189537403927294
טיפה, 38, 23, 0.618939106936421
חייך, 33, 22, 0.6188667526246729
תתן, 36, 20, 0.618776512977437
אחורה, 51, 22, 0.6186309913841462
בקבוק, 30, 24, 0.6185057940357284
שחקן, 79, 25, 0.6184383689965345
פועל, 54, 19, 0.6184244970562364
גוש, 25, 22, 0.6182911700098693
ת, 31, 22, 0.6182106860001725
איים, 27, 22, 0.618163533752067
משהה, 33, 24, 0.6180285807661102
יין, 46, 22, 0.617837532864304
קפץ, 37, 24, 0.617725343032605
בלעדי, 23, 21, 0.6176513627812672
העיף, 44, 23, 0.6175505545266972
קץ, 25, 22, 0.6175351081005935
מערכת, 38, 23, 0.6172936560715023
יצר, 32, 22, 0.6172741447964243
במשך, 33, 23, 0.6172643891588852
קצב, 28, 20, 0.6171985386054967
הופס, 28, 22, 0.6170912265925672
עמוק, 33, 22, 0.61696115142538
חתן, 73, 19, 0.6169003568759215
השכל, 22, 21, 0.6169001786907609
חור, 42, 20, 0.616755470067265
קיצור, 33, 23, 0.6166603526012594
שכר, 27, 21, 0.6164660528202737
בור, 48, 18, 0.6164002022668849
תעזוב, 33, 20, 0.6162815086768267
לידי, 28, 21, 0.6162424861266704
נתחיל, 39, 22, 0.6162140321838483
כחול, 29, 20, 0.616126231445997
הזין, 36, 23, 0.6160091637955283
עתיד, 38, 22, 0.6157392578236149
דלק, 38, 19, 0.6156888536963298
סבתא, 129, 26, 0.6154926569858223
זהב, 48, 21, 0.6154750426402658
ערבי, 145, 34, 0.6154584075962553
רדיו, 48, 22, 0.615452279486008
בלגן, 35, 24, 0.6154075661472874
רכב, 34, 21, 0.6153986234795432
אבי, 79, 22, 0.6152544911384337
רעש, 28, 20, 0.615166927087991
אומץ, 32, 21, 0.6151587973900418
תקווה, 44, 21, 0.6151018895043974
סבא, 147, 27, 0.6150215603460898
שתגיד, 30, 22, 0.6148758839014095
ר, 129, 34, 0.6148647733142122
תשב, 38, 21, 0.6147425568550426
כף, 40, 20, 0.6146807711506286
בשבילו, 27, 19, 0.6145238679802092
אימה, 30, 19, 0.6145084215541055
חלב, 43, 22, 0.6144246856652289
בך, 29, 19, 0.6143295681992231
נהיה, 33, 19, 0.6142759121927585
מבט, 30, 21, 0.61420843569978
שמעתי, 27, 20, 0.6141401462370067
הצביע, 28, 17, 0.6140409639220265
פוני, 29, 21, 0.6137474818260602
חייל, 238, 44, 0.6137262148094924
שי, 35, 20, 0.6137165889738532
אזור, 31, 23, 0.6134710720957873
ד, 41, 19, 0.6133060392274186
האכל, 30, 21, 0.6132970965596743
הפתיע, 25, 20, 0.6132783982543912
פרי, 27, 20, 0.6131922234561298
מיליון, 36, 22, 0.6131003578693037
אחך, 28, 21, 0.61283370377657
אסון, 28, 18, 0.6128182573504665
תעזר, 23, 20, 0.6127832996492849
המשך, 33, 22, 0.6127328955219998
שמלה, 22, 19, 0.6126410299351738
התנהג, 24, 20, 0.6125109547679866
לשון, 26, 21, 0.612485752704344
שבא, 21, 19, 0.6123467348694127
מוכר, 28, 21, 0.6123280365641295
בנק, 74, 20, 0.6122462561971918
רבע, 31, 21, 0.6122231634605848
לאימא, 30, 20, 0.6121987743667372
עמדה, 31, 19, 0.612180076061454
מס, 54, 21, 0.6120061005253411
מעבר, 35, 21, 0.611926429485439
גשם, 29, 23, 0.6119174868176949
שפך, 32, 21, 0.6118540751736912
מאות, 30, 19, 0.611640264117627
עצמך, 32, 22, 0.6114955554941313
דין, 134, 37, 0.611251773760553
לאל, 33, 19, 0.6111744324251377
תבין, 24, 20, 0.6111321579958019
מך, 26, 19, 0.6110313497412317
הצלח, 26, 20, 0.6108614390540934
קורס, 38, 21, 0.6107663215880877
נמשך, 32, 22, 0.6106077924780782
נדע, 25, 19, 0.6105208047100217
התאמן, 32, 21, 0.6104899118578149
טעה, 26, 19, 0.6103809739052954
אירוע, 29, 19, 0.6103256919592408
התקלח, 24, 21, 0.6098379100822888
חפש, 19, 19, 0.6095875153854535
השקר, 40, 19, 0.6094639439766254
פרק, 42, 20, 0.6094135398493405
הלם, 28, 19, 0.6094005323326217
הפס, 24, 19, 0.6093314299000535
בוודאי, 37, 19, 0.6092582626185107
מיהר, 32, 18, 0.6090241273175736
מעולם, 41, 21, 0.6090176235592142
טס, 32, 22, 0.6088257626876131
קבל, 53, 18, 0.6087913265142244
חצר, 30, 18, 0.6087688548019687
צועק, 40, 20, 0.6087249544330429
יציאה, 43, 19, 0.6086769892151427
ציפה, 31, 21, 0.6086566649702696
שיט, 39, 24, 0.6086143905409339
תעוף, 27, 20, 0.6084851283435415
ריצה, 31, 18, 0.6083363548710712
עברה, 23, 18, 0.6082233520695772
מש, 27, 21, 0.6082119704924485
נורמלי, 34, 20, 0.6081428680598802
עור, 38, 21, 0.6081005936305444
קיר, 34, 20, 0.6080981547211595
פיגר, 30, 20, 0.6080867731440305
טען, 32, 18, 0.6080209225906421
באת, 31, 20, 0.607970518463357
ריק, 22, 19, 0.6078949122724295
הוביל, 36, 22, 0.6077648371052422
אמריקה, 86, 22, 0.6077615852260625
רשות, 37, 21, 0.6077534555281134
רד, 38, 22, 0.6076835401257502
תקרא, 30, 23, 0.607644517575594
נביא, 31, 18, 0.6076176895723617
שמאלה, 39, 20, 0.6075103775594322
מדוע, 49, 18, 0.6074941181635337
אלרום, 25, 19, 0.6074876144051744
אות, 30, 20, 0.6074534696737877
האימא, 31, 21, 0.6073851802110144
שכנע, 26, 20, 0.6072616088021865
למען, 27, 18, 0.6070583663534566
חדשות, 26, 20, 0.6070461718065328
טעים, 28, 21, 0.6070185308335054
משך, 22, 18, 0.6069665007666305
היסטוריה, 25, 19, 0.6068892686361131
הצטרך, 32, 23, 0.6068323607504686
יידי, 23, 20, 0.6067600064387207
רושם, 28, 18, 0.6066933429155373
יכל, 26, 18, 0.6066104199964555
הדאג, 26, 19, 0.6066055421776859
אתך, 31, 19, 0.6064258758530086
צוות, 34, 18, 0.6064242499134188
שישה, 35, 18, 0.6064234369436239
הרח, 26, 16, 0.6063567734204403
מחשבה, 34, 21, 0.6061348326664271
מבצע, 37, 19, 0.6059462236740056
דומה, 35, 19, 0.6059275253687224
יושב, 25, 20, 0.6059161437915935
במ, 40, 18, 0.6059072011238494
לשום, 30, 20, 0.6057031457053246
בפני, 27, 17, 0.6056730658229126
אשים, 22, 18, 0.6056470507894749
קיץ, 46, 20, 0.6055486814442896
השכח, 22, 18, 0.6053478779049442
סביב, 29, 21, 0.605322675841302
חבורה, 24, 17, 0.6052023563116536
סוס, 32, 19, 0.6051974784928841
ועדה, 44, 20, 0.6051633337614974
תלמיד, 29, 20, 0.6050779719330308
עשן, 29, 20, 0.6049901711951794
רצפה, 31, 19, 0.6049771636784608
צפון, 34, 19, 0.6047755471693204
בעיקר, 23, 20, 0.6046934372200335
שיטה, 32, 20, 0.6046918112804437
למ, 36, 19, 0.6046243347874652
פצוע, 38, 20, 0.6045397859287936
מחנה, 72, 17, 0.6043202840841652
מתוך, 29, 19, 0.6043194711143702
נשום, 29, 20, 0.6042674410474953
אמצא, 24, 19, 0.6041812662492339
קבוצה, 83, 23, 0.6041365333208796
דואר, 27, 17, 0.6041292361823589
אמרתי, 24, 20, 0.6041072859978961
אקרא, 25, 20, 0.603925180763834
הוראה, 38, 21, 0.6039024176095761
תתחיל, 25, 19, 0.6038365670561876
צעוק, 25, 17, 0.6037764072913635
הפסקה, 30, 21, 0.6037487663183363
הופעה, 55, 21, 0.6037219383151038
והכול, 20, 18, 0.6037146215869496
נזוז, 24, 20, 0.6036105614531998
ואיפה, 20, 19, 0.6033276479645675
הסתבך, 39, 20, 0.6031943209182007
פעמיים, 35, 20, 0.6030674976301931
שתבא, 20, 18, 0.6030211583518825
בעלך, 43, 20, 0.6029569337380839
אסף, 79, 23, 0.602790089696501
פי, 34, 18, 0.6026463792764244
הגיש, 30, 17, 0.6025642693271374
הרגשה, 23, 19, 0.602558578538573
הברך, 21, 17, 0.6024610221631825
שכחתי, 21, 17, 0.6023179394792767
מתח, 26, 18, 0.6022577797144526
קדוש, 46, 18, 0.6022561537748626
צר, 33, 18, 0.6021594103692672
חסך, 21, 19, 0.6021260786076754
חינם, 22, 16, 0.6018269057231448
כלה, 54, 18, 0.6017464217134477
ישמע, 18, 15, 0.6016805711600591
גז, 47, 21, 0.601610655757696
הרוויח, 22, 18, 0.6015976482409772
באר, 32, 18, 0.6014496877383018
רגש, 22, 18, 0.6011139312129997
דף, 57, 17, 0.6010488936294061
איבוד, 24, 18, 0.601040763931457
קולנוע, 45, 19, 0.6008789829422678
הורס, 24, 17, 0.6008196361472387
קהל, 43, 17, 0.6006635459466139
צו, 41, 18, 0.6005212762325028
שטף, 28, 19, 0.6004432311321906
תחושה, 27, 17, 0.6004155901591632
תנועה, 43, 22, 0.6003034003274643
קריירה, 28, 17, 0.6002001531635095
תבוא, 22, 18, 0.6001676343717126
טיסה, 43, 22, 0.6001611306133532
כלא, 116, 27, 0.6000713675346174
פריז, 29, 18, 0.599878217124721
היתן, 28, 20, 0.5997091194073775
רשימה, 28, 18, 0.5996936729812741
מאחר, 26, 17, 0.599674161706196
אוזן, 33, 18, 0.5996107500621923
דרום, 32, 18, 0.5996099370923973
מהלך, 25, 19, 0.5995896128475242
גג, 24, 18, 0.5995611589047021
ימין, 71, 17, 0.599558330685838
סיני, 44, 17, 0.5995099418076222
האשים, 24, 16, 0.5994180762207961
תסלח, 25, 18, 0.5992912529327885
תלכו, 20, 18, 0.599254669292017
אמריקני, 28, 19, 0.599245726624273
העלה, 26, 17, 0.5991896317084235
מאשר, 21, 19, 0.5991684944937556
עורך, 34, 19, 0.5991221552154451
הצגה, 82, 19, 0.5989355092476503
רגוע, 31, 20, 0.5988741994279945
תפר, 30, 17, 0.5988628178508656
הוצאה, 19, 15, 0.5988416806361978
יחסים, 26, 18, 0.5988416806361977
קופץ, 24, 19, 0.5988075359048111
פתרון, 30, 17, 0.5987733911734243
הכרה, 25, 18, 0.5987294908044987
פינה, 23, 20, 0.5987270518951139
העשן, 21, 18, 0.5986303084895185
הגע, 23, 18, 0.5985839692112079
גילה, 122, 25, 0.5984522547770572
שמיים, 35, 18, 0.5984018639771458
אוף, 27, 19, 0.598297803843396
הבטח, 23, 17, 0.5982978038433959
מקצוע, 35, 17, 0.5982522775348804
ניו, 31, 17, 0.5980311497506622
השתין, 30, 20, 0.5979596084087092
בצל, 34, 16, 0.5978344110602914
ודאי, 31, 16, 0.5978181516643931
השתחרר, 25, 17, 0.5977945755403404
נחש, 34, 20, 0.5977726253558775
מחלקה, 51, 21, 0.5977197823192077
נזהר, 25, 17, 0.5975775126050966
שיקר, 31, 16, 0.5975563753904288
לימודים, 26, 19, 0.5974669487129876
חנק, 31, 17, 0.5974376818003704
פרץ, 24, 17, 0.5973970333106244
תחתון, 25, 17, 0.597390529552265
אמונה, 31, 18, 0.597360449669853
תצאי, 33, 18, 0.5971962297712791
סכין, 34, 16, 0.5971653369190721
מצד, 29, 17, 0.597124688429326
דוגמה, 22, 17, 0.5971173717011717
שבעה, 24, 17, 0.597002742960088
תשתוק, 25, 17, 0.5969498999234182
עצבני, 29, 17, 0.5968458397896685
הצ, 36, 18, 0.596758039051817
מצרים, 31, 15, 0.5966133304283212
בתחה, 23, 18, 0.5965669911500109
דור, 27, 18, 0.5965182129623157
ממשלה, 48, 18, 0.5964669958652357
בהחלט, 24, 17, 0.5963336688188687
מדרגה, 21, 16, 0.5962897684499431
מחבל, 38, 20, 0.5960979075783419
ומ, 19, 16, 0.5959962863539768
ף, 28, 18, 0.595994660414387
תשמר, 19, 17, 0.5959710842903343
מקלחת, 25, 19, 0.595901981857766
ימינה, 40, 18, 0.5956320758858524
נשה, 20, 18, 0.5956003700638506
תען, 23, 19, 0.5955564696949249
פרס, 90, 20, 0.5954750643194603
אבוד, 24, 16, 0.5954312723465073
רוסיה, 50, 17, 0.595423142648558
תשכח, 20, 18, 0.5953662347629136
הולכה, 23, 18, 0.5952906285719861
הבדל, 20, 15, 0.5952816859042418
לכבוד, 16, 15, 0.5952499800822401
ותגיד, 23, 20, 0.5951963240757754
אניח, 22, 18, 0.5951085233379239
פול, 43, 15, 0.5948784528859615
הכה, 28, 18, 0.5948215450003171
מטומטמה, 18, 18, 0.5947882132387252
הדה, 24, 16, 0.5947532555375438
חג, 76, 20, 0.5947361617779086
חביבי, 70, 16, 0.5946431097441863
שמאל, 110, 28, 0.5943547377440739
נפרד, 23, 17, 0.5943305112441852
שהיית, 19, 14, 0.5942207603218711
שניכם, 22, 17, 0.5940118270845764
כפי, 32, 17, 0.593975243443805
סמל, 81, 18, 0.5938538700644227
ריב, 24, 18, 0.593773626934665
במה, 45, 17, 0.5937638712971259
אתקשר, 25, 18, 0.593720783897995
דן, 26, 18, 0.5936077810965011
יישוב, 32, 16, 0.5935216062982396
צרת, 26, 16, 0.5934297407114135
אוסף, 19, 17, 0.5933289324568435
משום, 20, 15, 0.5931151214007795
בעינ, 20, 17, 0.5930321984816975
תיכון, 23, 17, 0.5929118789520494
התפלל, 43, 16, 0.5928175744558387
נלחם, 23, 18, 0.5927704222077333
הזז, 20, 17, 0.5927704222077332
ורה, 32, 16, 0.592733025597167
שכבה, 20, 16, 0.5924761271419721
חלילה, 21, 16, 0.5924517380481246
פשע, 38, 19, 0.5923346703976561
צחוק, 28, 16, 0.5923184110017576
הן, 21, 16, 0.5922793884516016
סינמטיפ, 22, 21, 0.5922062211700587
אנגלית, 33, 19, 0.5921127296436428
התלונן, 18, 17, 0.5920867146102053
גיד, 23, 17, 0.5920785849122563
ושלום, 29, 15, 0.5920354975131253
תלונה, 23, 17, 0.5920013527817387
יו, 41, 18, 0.5919761507180963
שולח, 24, 17, 0.5918989185875788
תנסה, 19, 16, 0.591846888520704
אברהם, 92, 16, 0.5917732263879815
טירוף, 23, 17, 0.5917517710546982
תרבות, 41, 15, 0.5916973020784386
רישיון, 33, 16, 0.5916851075315148
שעון, 29, 16, 0.5916550276491028
מטרה, 25, 17, 0.5915981197634582
אשלם, 31, 17, 0.591581047397765
ציווה, 28, 15, 0.5915379599986342
התבלבל, 21, 17, 0.5913891865261638
זיכרון, 30, 17, 0.5913168322144159
צרפתי, 30, 16, 0.5912900042111836
היזהר, 20, 17, 0.5912477297818477
בכה, 19, 15, 0.5912103331712814
סומך, 25, 18, 0.591141230738713
הסתיר, 28, 18, 0.5910786320645043
יהודי, 284, 45, 0.5910088998666021
אוניברסיטה, 31, 17, 0.5909550606556764
שלט, 21, 17, 0.5909274196826492
הבטן, 20, 16, 0.5908095390623855
עלול, 22, 18, 0.5908071001530009
השם, 25, 16, 0.5907087308078156
אדיר, 24, 16, 0.5906859676535579
ירק, 29, 17, 0.5906193041303743
פקודה, 53, 18, 0.5905770297010384
שלב, 26, 16, 0.5905745907916536
השחק, 19, 17, 0.5905640221843198
חס, 21, 15, 0.5905176829060094
ופתאום, 21, 17, 0.5905063013288805
המיט, 18, 17, 0.590480286295443
שותף, 25, 17, 0.5903721613127185
רוסי, 51, 16, 0.5903443449932649
ציון, 37, 17, 0.5903063107593299
בעיניי, 18, 16, 0.5902233878402483
סבבה, 42, 17, 0.5900681106094186
בער, 20, 17, 0.5900177064821333
ירוק, 34, 18, 0.5899242149557175
חיל, 23, 16, 0.5898803145867919
ספק, 22, 15, 0.5896925185641653
חמישים, 24, 17, 0.5895762638834917
קונה, 60, 17, 0.5895648823063628
אמא, 454, 44, 0.5893982127543099
התכונן, 19, 16, 0.5893868419212753
מציאות, 26, 16, 0.5893299340356307
מלח, 32, 16, 0.5893185524585018
השב, 24, 19, 0.5893128616699375
חום, 23, 17, 0.5892714002103967
עוש, 34, 17, 0.5892648964520373
תרגיש, 20, 17, 0.5891575844391077
מכירה, 21, 17, 0.5890892949763344
הקים, 23, 14, 0.588921823198581
קבלה, 28, 17, 0.5889218231985809
חינוך, 27, 13, 0.5888982470745282
פן, 27, 15, 0.5888242668231904
עונה, 21, 17, 0.5888169500950362
אירופה, 22, 15, 0.5888039425783175
ט, 74, 17, 0.5887373010272905
יעל, 51, 16, 0.5887088251123118
חזיר, 19, 15, 0.588605577948357
התקדם, 21, 16, 0.5885413533345583
אשאר, 20, 17, 0.5884226597444997
מגדל, 22, 14, 0.5884218467747049
הגיוני, 21, 16, 0.5883966447110625
שיער, 24, 16, 0.588289332698133
זמין, 21, 16, 0.5882169783863851
דוקטור, 45, 19, 0.5880251175147839
מגרש, 29, 19, 0.5880169878168346
הזמנה, 25, 15, 0.5879844690250378
רשמי, 21, 15, 0.587972274478114
נישואין, 29, 16, 0.5879438205352918
ביני, 16, 15, 0.5877340743282025
המיל, 19, 15, 0.587727570569843
קן, 38, 16, 0.5876942388082513
אמבולנס, 70, 19, 0.5875974954026559
אנס, 28, 18, 0.5875804230369626
בסלון, 24, 15, 0.5875674155202437
חול, 24, 16, 0.5875535950337301
צרה, 25, 16, 0.5875527820639352
שבעת, 29, 17, 0.5875235151513181
לבין, 19, 16, 0.5875161984231638
חמישי, 38, 17, 0.5874820536917771
תעופה, 33, 16, 0.5874788018125974
חתול, 23, 15, 0.5873869362257715
פסנתר, 43, 16, 0.5872422276022757
נגן, 25, 16, 0.5870723169151373
ביקור, 48, 19, 0.5870519926702643
היכנס, 19, 14, 0.5870137830899032
מפקד, 279, 31, 0.5868935130960489
תכניס, 16, 15, 0.5867666402722473
מצ, 54, 16, 0.5866983508094741
תיאר, 16, 15, 0.5866707098364468
תעצור, 30, 16, 0.5866113630414176
הגן, 37, 16, 0.5864064946530976
התקפה, 34, 20, 0.5862032522043675
שיבוא, 25, 16, 0.586198374385598
גאון, 24, 15, 0.5861471572885182
באה, 20, 18, 0.586066673278821
ננס, 26, 18, 0.5860325285474344
נמוך, 24, 16, 0.5859935059972783
העליב, 15, 14, 0.5859813114503543
שחרור, 22, 17, 0.585852862222757
תזה, 39, 20, 0.5857861986995735
קלף, 28, 16, 0.5857488020890071
קצה, 18, 16, 0.585598402676947
אהרג, 24, 17, 0.5855927118883826
התרגש, 18, 14, 0.5855252353954041
טבע, 23, 16, 0.5855032852109414
בסיס, 65, 16, 0.5855000083173063
חלאס, 34, 16, 0.585485399875453
תכנן, 20, 17, 0.5854480032648868
הולך, 24, 17, 0.5853041076111859
איחור, 24, 15, 0.5853024816715959
יעני, 15, 13, 0.5852740277287738
שבאה, 19, 16, 0.5852260625108736
דרגה, 26, 15, 0.5851797232325631
נושא, 19, 14, 0.5850179422433739
נשלח, 17, 14, 0.5849333933847021
עלייה, 26, 15, 0.5848317721603372
הרגע, 32, 16, 0.5847195823286382
יתר, 23, 16, 0.5845236566080625
המכנסי, 23, 15, 0.58449682860483
סידר, 18, 16, 0.5843220400989221
שמירה, 25, 16, 0.5843098455519984
און, 17, 15, 0.5841879000827602
תעודה, 36, 15, 0.5841822092941958
מפני, 21, 13, 0.5841521294117838
חשש, 20, 14, 0.5841342440762956
נא, 38, 17, 0.5840253061237763
תיקח, 21, 18, 0.5839570166610031
לנוח, 21, 18, 0.5839545777516182
היכן, 35, 13, 0.5838903531378197
כה, 24, 15, 0.5838732807721262
אזרח, 43, 17, 0.583853769497048
תקשיבי, 22, 14, 0.5838464527688938
נותר, 25, 13, 0.5837350759069897
חל, 25, 16, 0.5836895495984742
תרופה, 31, 16, 0.5836651605046266
מקובל, 17, 13, 0.5836310157732398
לעבוד, 21, 15, 0.5836245120148806
אהה, 33, 16, 0.5835903672834939
נאמר, 21, 14, 0.5835838635251346
ניגש, 18, 15, 0.5833985064118928
סמרטוט, 21, 16, 0.58337655622743
צילם, 27, 17, 0.583365174650301
נגב, 19, 15, 0.5833098927042466
סלט, 29, 16, 0.5833033889458871
אויב, 19, 16, 0.5832920073687582
ניתוח, 44, 14, 0.5832570496675766
פסיכי, 21, 15, 0.5831814434766491
ניצל, 15, 14, 0.5831757526880846
החל, 25, 14, 0.5831668100203404
גאה, 20, 15, 0.5831440468660827
לכה, 29, 16, 0.5830318570343838
שלושת, 20, 15, 0.5830221013968446
תמצא, 17, 16, 0.5830009641821767
חקירה, 25, 16, 0.5827627640322651
אלימות, 19, 14, 0.5827034172372361
ראשי, 28, 14, 0.5827034172372361
אשכח, 23, 16, 0.5826855319017477
תחילה, 21, 14, 0.5824741597550684
ולם, 18, 14, 0.5824416409632718
הכוס, 18, 16, 0.5823538402254202
קיבוץ, 74, 14, 0.5823398659338103
רפואה, 20, 12, 0.5823221344034184
עשוי, 21, 14, 0.5822115705113091
וככה, 26, 13, 0.5822018148737702
שינוי, 26, 16, 0.5821904332966412
אלוף, 47, 16, 0.5821546626256648
שורה, 27, 18, 0.5821505977766903
פעל, 23, 16, 0.5821278346224324
חוג, 35, 15, 0.5820571062502744
תזיז, 19, 15, 0.582040033884581
הביט, 19, 15, 0.5820197096397081
ציפור, 20, 14, 0.5819351607810364
חופשה, 36, 17, 0.5817432999094352
תיכנסי, 19, 15, 0.5817205367551774
שיגעון, 21, 15, 0.5816506213528143
סגן, 21, 14, 0.5816408657152752
שטן, 19, 13, 0.5816010301953242
לאומי, 27, 16, 0.5815693243733222
וואי, 30, 16, 0.581521359155422
תלך, 17, 14, 0.5814067304143382
מהראש, 17, 15, 0.5813693338037719
הסריח, 21, 16, 0.5813555133172582
ציבורי, 22, 13, 0.5812912887034595
תאונה, 40, 15, 0.5812425105157644
גוי, 22, 15, 0.5812416975459693
יע, 59, 14, 0.5812140565729421
שכחה, 20, 14, 0.5811116223787821
תלכי, 20, 15, 0.5811075575298075
דמות, 17, 14, 0.5810473977649835
מסריח, 18, 15, 0.5809782953324152
וקחים, 17, 16, 0.5809506543593879
דה, 61, 14, 0.5807774917930699
משכורת, 31, 15, 0.5807311525147594
ז, 72, 15, 0.5807019985146139
כלומר, 24, 15, 0.5806384739581386
התפשט, 21, 15, 0.5806100200153164
תיז, 18, 13, 0.5806018903173672
לכול, 14, 12, 0.5805815660724942
תחרות, 56, 17, 0.5805563640088516
אסביר, 18, 14, 0.5805352267941837
שרוץ, 19, 15, 0.5804888875158734
ירייה, 30, 16, 0.580461246542846
קש, 34, 15, 0.5803449918621724
תנצל, 19, 14, 0.5803027174328366
יער, 31, 14, 0.580297839614067
השגע, 18, 16, 0.5802254853023191
סידור, 19, 15, 0.5801401234738526
שימי, 38, 15, 0.5800889063767725
חוף, 19, 13, 0.5799864721826127
נער, 33, 16, 0.5799726516960989
התעודה, 21, 13, 0.5798824120488627
ובכן, 48, 17, 0.5797759130057282
באבא, 16, 12, 0.5797661573681892
בטל, 23, 15, 0.5796677880230038
הזדיין, 21, 16, 0.5796328303218222
כהופה, 21, 14, 0.5795913688622814
תיקן, 16, 14, 0.5793743059270376
הפרח, 17, 16, 0.5793328444674967
מוחלט, 16, 13, 0.5792564253067741
יורק, 30, 14, 0.5792491085786199
התעקש, 20, 13, 0.5791491132938447
תנהג, 15, 13, 0.5790800108612765
בגללי, 18, 17, 0.5789637561806029
צועקה, 14, 12, 0.5789572524222435
ס, 23, 13, 0.5789377411471655
שימוש, 23, 14, 0.5788596960468531
אפ, 21, 14, 0.5788296161644412
נאמן, 20, 12, 0.5787930325236696
ביטוח, 30, 16, 0.5787011669368437
סחב, 17, 14, 0.5786597054773026
ארצה, 16, 14, 0.5786523887491485
גודל, 17, 12, 0.5785052412162679
תחשב, 15, 14, 0.5784320739347251
סכום, 22, 16, 0.578432073934725
רחמים, 24, 15, 0.5783410213176939
לשתה, 16, 14, 0.5782052553619422
דיון, 32, 12, 0.5781946867546084
קבוע, 20, 14, 0.5781621679628115
אבד, 18, 14, 0.5781605420232216
פנוי, 14, 14, 0.5779979480642377
הצלם, 22, 14, 0.5779898183662884
גועל, 13, 12, 0.5778312892562789
מאיר, 126, 18, 0.5778293019967804
תענה, 24, 13, 0.5778142168905858
מידה, 24, 14, 0.577810152041611
הפ, 24, 14, 0.5777337328808887
הצעה, 19, 14, 0.5776873936025781
מע, 30, 13, 0.577667069357705
עצום, 20, 15, 0.5776256078981641
ניכנס, 19, 14, 0.5775166699456449
זרוק, 18, 12, 0.5774069190233306
רמז, 15, 12, 0.5774012282347661
הצחיק, 16, 15, 0.5773841558690729
תחייה, 19, 13, 0.5773646445939947
תישאר, 19, 14, 0.5772792827655282
צייר, 18, 13, 0.5770939256522862
מרק, 29, 15, 0.5768337753179118
כוסית, 14, 14, 0.5767996305865253
יל, 23, 13, 0.5767134557882636
שתבוא, 14, 13, 0.5766744332381075
משה, 209, 33, 0.5766617057875382
אגיע, 15, 14, 0.5766183383222581
שכתב, 18, 14, 0.5765508618292796
נפצע, 24, 12, 0.5765435451011253
הסתיים, 19, 15, 0.5764858242456861
עיוור, 28, 15, 0.5761842124517706
יומי, 18, 15, 0.576168766025667
שמעון, 64, 13, 0.5760712096502767
מידע, 19, 15, 0.5760435686772494
אביך, 32, 12, 0.5759484512112436
תעזבי, 16, 13, 0.575874470959906
הולד, 33, 15, 0.575863902352572
גבעה, 58, 13, 0.5758110593159023
עצם, 16, 13, 0.5757817924032851
רצתי, 16, 13, 0.5755565997700922
התמודד, 21, 14, 0.5755492830419378
תתערב, 22, 13, 0.5755387144346039
דמה, 15, 14, 0.5754338413310592
רוקד, 25, 12, 0.5753606740495163
ורבותיי, 21, 14, 0.5753590481099267
דתי, 22, 13, 0.5753232774389501
מבינה, 25, 15, 0.5752387285802784
בלבד, 21, 13, 0.5752346637313037
הע, 30, 12, 0.5751956411811476
טקס, 45, 15, 0.5751785688154543
מומחה, 20, 13, 0.5751712520872998
מונה, 30, 15, 0.5750167878262651
ולמה, 14, 13, 0.5749354908467732
גבירותיי, 31, 14, 0.5749216703602595
בבטן, 19, 14, 0.5749200444206697
הבנ, 19, 14, 0.5748672013839999
תואר, 16, 13, 0.5748493160485115
ניפגש, 17, 14, 0.5748330566526131
מושלם, 17, 14, 0.5747761487669687
לונדון, 24, 13, 0.5747647671898398
בראבו, 37, 15, 0.5747485077939414
חזה, 20, 13, 0.5745290059493129
לעזאזל, 24, 16, 0.5745111206138248
אחורי, 13, 12, 0.5743639730809441
שד, 23, 13, 0.5743607212017645
מאמי, 43, 14, 0.5743485266548407
קחה, 35, 12, 0.5743030003463252
בוגד, 51, 13, 0.5742599129471944
בזבז, 15, 15, 0.5742582870076045
תגידו, 25, 13, 0.5741493490550851
אצא, 16, 13, 0.5740591094078491
בהיריון, 23, 13, 0.5740428500119508
העמיד, 22, 14, 0.5740355332837963
מכיר, 20, 13, 0.5739209045427126
מאבא, 17, 14, 0.5738802560529667
הרחם, 15, 12, 0.5738363556840409
לצ, 24, 13, 0.5737761959192168
הניאק, 21, 13, 0.5737014026980842
התנגד, 17, 12, 0.5736794525136213
ניצחון, 16, 13, 0.5736762006344416
קופה, 16, 14, 0.5736680709364923
הליכה, 16, 12, 0.5735867739570004
פוחדה, 16, 13, 0.5735656367423325
מחדש, 18, 13, 0.5735314920109459
אטפל, 21, 15, 0.5735160455848424
תשעה, 16, 13, 0.5734201151490418
חריף, 19, 13, 0.5733908482364247
מחס, 21, 12, 0.573304673438163
בודד, 18, 13, 0.5732859751328799
מפעל, 42, 12, 0.5732615860390323
ממתי, 20, 14, 0.5732420747639542
סוהר, 38, 14, 0.57318354093872
שברה, 15, 12, 0.5731664685730267
סיפק, 15, 11, 0.573141266509384
בירה, 23, 14, 0.573111999596767
שנ, 18, 15, 0.5731087477175874
רוסית, 27, 15, 0.5730737900164058
נפשי, 17, 13, 0.5729290813929099
קור, 17, 13, 0.5728868069635741
מבטיח, 19, 14, 0.5728087618632618
כוסי, 20, 14, 0.5727916894975684
מל, 72, 13, 0.5727771689537313
עוגה, 19, 14, 0.5727681133735159
מראש, 21, 15, 0.5727559188265919
מנוחה, 19, 13, 0.5727412853702833
גרה, 15, 14, 0.5726681180887405
שבועי, 15, 14, 0.5726534846324319
כמוך, 14, 11, 0.5726364122667387
מנע, 19, 13, 0.5726250306896098
הגנה, 23, 13, 0.572612836142686
נעבר, 25, 13, 0.5725933248676078
טענה, 13, 13, 0.5725778784415045
תלמד, 24, 15, 0.5723608155062607
תשכב, 19, 12, 0.5722404959766125
צעקה, 13, 11, 0.5721518822689662
טוע, 15, 13, 0.5720860317155776
סיום, 15, 12, 0.5720852187457828
קופסה, 18, 14, 0.5720770890478335
דו, 28, 13, 0.572041318376857
אחל, 21, 13, 0.5720340016487028
מרגישה, 24, 12, 0.5719575824879803
עירייה, 38, 15, 0.5719453879410564
סרטן, 35, 15, 0.5718941708439765
דיכאון, 23, 14, 0.5718730336293085
תפילה, 28, 13, 0.5718640909615644
ידעתי, 13, 13, 0.5717917366498166
חבילה, 21, 13, 0.571747836280891
הטורף, 18, 12, 0.571736454703762
מצווה, 27, 12, 0.5716762949389378
אסדר, 16, 14, 0.571624264872063
התברר, 15, 11, 0.5715852423219068
שק, 33, 14, 0.5715811774729322
נחשב, 20, 14, 0.5715478457113404
שעשית, 15, 13, 0.5715137009799538
השפיל, 15, 11, 0.5713567978095342
פון, 18, 13, 0.5713324087156866
קוץ, 13, 10, 0.5713104585312238
זהיר, 19, 14, 0.571297451014505
דחה, 15, 12, 0.5711966427599349
אום, 15, 11, 0.5711641239681381
בואין, 13, 13, 0.5711462386326498
הכנס, 19, 13, 0.5711381089347007
תלכ, 17, 13, 0.571134857055521
שאמרתי, 19, 14, 0.5711015252939293
אישר, 17, 14, 0.571072258381312
סל, 16, 12, 0.571042991468695
סתכל, 19, 13, 0.5709893354622302
שות, 11, 11, 0.5709877095226403
שיכור, 15, 13, 0.570940557274535
פושע, 19, 13, 0.5709080384827383
תדעי, 16, 12, 0.5709080384827382
קדם, 16, 11, 0.5709007217545838
התווכח, 18, 15, 0.5708535695064787
מור, 30, 12, 0.5708503176272989
מועדון, 28, 14, 0.5707747114363714
הכאיב, 18, 11, 0.5707690206478069
צוחקה, 15, 12, 0.5707552001612932
מסיבה, 15, 12, 0.5706316287524653
הרם, 24, 12, 0.5706007359002584
מבחינתי, 15, 13, 0.5705706560178463
תוישאר, 17, 14, 0.5705202518905612
המזוודה, 23, 14, 0.5704600921257372
פרנסה, 14, 11, 0.5704056231494776
שלשום, 18, 12, 0.5703576579315772
הטיל, 15, 11, 0.5703105056834719
שנית, 20, 12, 0.5703064408344971
צלם, 19, 13, 0.5702771739218802
תחזיק, 21, 12, 0.5702601015561869
טבעי, 19, 12, 0.5702088844591069
ארוח, 17, 15, 0.570206445549722
משמעות, 21, 15, 0.5701592933016166
חוזה, 29, 12, 0.5700690536543805
ואבוי, 30, 12, 0.5700365348625838
אהבל, 12, 11, 0.569951986003912
מרפסת, 17, 14, 0.5699406044267831
סיכון, 17, 11, 0.5698284145950842
הגעיל, 18, 14, 0.5697682548302601
תתקשר, 17, 12, 0.5696528131193814
קרבה, 13, 12, 0.5696495612402017
הה, 17, 12, 0.5695211120126042
אילת, 34, 14, 0.5694959099489618
שראה, 14, 13, 0.5694926580697821
שימש, 18, 13, 0.569472333824909
תשאיר, 17, 15, 0.5694520095800361
התאבד, 21, 12, 0.5693991665433663
חמד, 14, 13, 0.5693438845973117
שסיפר, 16, 13, 0.5692975453190012
מתאים, 16, 15, 0.5692877896814622
איתכם, 15, 12, 0.5691585274840698
סוכר, 13, 13, 0.569157714514275
מקומי, 17, 12, 0.5691503977861208
והלך, 17, 13, 0.5691032455380154
דיר, 20, 13, 0.5691032455380153
תעלה, 16, 13, 0.5690471506221657
בקבר, 12, 12, 0.5688650453881038
חתון, 20, 12, 0.5688528508411799
אצ, 37, 12, 0.5687390350698911
תרגום, 18, 12, 0.5686707456071177
גפן, 15, 12, 0.5685943264463952
ראוי, 17, 12, 0.5685341666815711
אזרחי, 36, 12, 0.5685195332252626
תרד, 20, 13, 0.5685170943158777
מנצח, 16, 11, 0.5684862014636708
חנה, 45, 13, 0.5684374232759757
פר, 17, 11, 0.5684260416988467
כאשר, 22, 12, 0.5683788894507413
תשמעי, 16, 12, 0.5683764505413567
שיניים, 13, 12, 0.5683610041152531
אס, 46, 13, 0.568331737202636
נזק, 16, 13, 0.5682935276222747
קרן, 28, 14, 0.5682756422867865
הקיא, 15, 13, 0.5682732033774017
מסובך, 15, 13, 0.5682650736794526
שהייתה, 13, 12, 0.5682358067668354
מהקרה, 34, 15, 0.5681715821530366
ישיר, 19, 14, 0.5681707691832418
טע, 14, 12, 0.5680837814151853
רעל, 14, 12, 0.5680293124389257
הכיף, 15, 12, 0.5680244346201562
ראתי, 20, 14, 0.5680024844356932
מחסן, 13, 12, 0.5679821601908203
יצחק, 49, 12, 0.5679683397043066
התקרר, 15, 14, 0.5679065539998926
תסתלק, 23, 15, 0.5679008632113283
מחשב, 36, 12, 0.5678805389664552
שאמרה, 13, 13, 0.5677846085306546
נחך, 19, 14, 0.5677081893699322
הך, 13, 12, 0.5676374609977741
חוקי, 20, 12, 0.5676293312998248
הדג, 16, 11, 0.5676016903267975
אשמה, 22, 12, 0.5675878698402839
בעיני, 16, 13, 0.5675821790517195
התקבל, 15, 13, 0.5675390916525886
שהגעה, 16, 13, 0.5675350268036142
נס, 36, 12, 0.5675325878942294
שלישית, 14, 11, 0.5675244581962802
תפסתי, 16, 13, 0.5675098247399716
משימה, 35, 14, 0.5674610465522765
ציוד, 20, 12, 0.5674610465522765
מהזה, 35, 15, 0.5674602335824814
קנאה, 18, 9, 0.5674569817033017
גידל, 12, 11, 0.5674163332135558
להו, 15, 12, 0.5674114553947862
אירי, 14, 13, 0.5673854403613489
אחזיר, 15, 14, 0.5672838191369838
תשמע, 21, 13, 0.5672838191369838
החודש, 14, 13, 0.567170003365695
ממי, 23, 12, 0.5670204169234296
מגעיל, 14, 13, 0.5670171650442499
יהודה, 58, 14, 0.5669578182492208
פיצוץ, 23, 13, 0.5668578229644456
הגלגל, 17, 11, 0.5668358727799827
אבוא, 18, 13, 0.5667659573776196
סוחב, 12, 11, 0.5667659573776196
לעשן, 20, 14, 0.5667431942233618
שניה, 21, 13, 0.5667375034347975
תקף, 16, 13, 0.5667366904650024
אחריך, 14, 13, 0.56671148840136
התארגן, 16, 13, 0.5666968549450513
תע, 42, 12, 0.5666423859687918
נחת, 12, 12, 0.5666407600292018
יוסי, 47, 12, 0.5666074282676101
לף, 16, 13, 0.566578161354993
מאמץ, 20, 11, 0.5665619019590946
המפתחות, 36, 15, 0.5665098718922197
תיכף, 15, 13, 0.5663976820605207
חיפוש, 24, 14, 0.566363537329134
עשיר, 14, 11, 0.5663497168426205
בידי, 19, 11, 0.5662887441080015
רצ, 19, 13, 0.5662578512557945
ידוע, 17, 12, 0.5662521604672299
מאז, 12, 11, 0.5661448484543006
הובא, 14, 11, 0.5661424095449158
אמנות, 18, 13, 0.56599932686101
הבלגן, 19, 14, 0.5659074612741839
שתחזור, 18, 12, 0.5658351069624359
תושב, 18, 12, 0.5658099048987935
בורח, 17, 14, 0.5657985233216645
זמני, 20, 14, 0.5657708823486371
תצא, 15, 12, 0.5657619396808931
מכונה, 24, 13, 0.5657546229527388
תאמין, 13, 11, 0.5657473062245846
זון, 13, 12, 0.5656660092450925
רדף, 19, 14, 0.5656651962752977
עדין, 15, 10, 0.5656497498491941
יעקב, 104, 13, 0.5656480613734662
מכוער, 15, 12, 0.5656107272990378
מועצה, 57, 12, 0.5655952808729345
צמח, 44, 13, 0.5655773955374461
זהות, 19, 11, 0.5655708917790869
המליץ, 12, 11, 0.5654904077693899
הבץ, 15, 12, 0.5654652057057472
בובה, 68, 15, 0.5654400753747336
התרגל, 17, 14, 0.5653709012095365
רומנטי, 13, 12, 0.5652887912602496
ההרוג, 19, 13, 0.5652831004716851
שיח, 11, 10, 0.5652091202203473
סקסי, 23, 13, 0.5651766014285505
סירב, 13, 10, 0.5651741625191657
שואה, 24, 11, 0.5651066860261874
אימון, 21, 12, 0.5650757931739805
חוב, 27, 12, 0.5650058777716174
אתכן, 19, 14, 0.5650026258924377
אלפים, 19, 11, 0.5649538477047424
בל, 29, 11, 0.5648213336281704
שרצה, 16, 13, 0.5647668646519106
יקירי, 14, 10, 0.5647278421017545
הבוס, 19, 13, 0.5647245902225748
דמיון, 17, 12, 0.564712395675651
נוף, 22, 13, 0.5647075178568816
תתעורר, 20, 11, 0.5645636222031806
בטן, 17, 12, 0.5645213477738449
ציבור, 18, 11, 0.5644985846195871
לע, 59, 12, 0.5644928938310225
חיבוק, 15, 12, 0.5644839511632784
הום, 18, 12, 0.5644823252236888
דום, 38, 11, 0.5644620009788156
כדורגל, 25, 11, 0.5644042801233763
השקיע, 13, 13, 0.5643977763650168
מדה, 16, 11, 0.5643660705430151
הס, 15, 12, 0.5643116015667554
ענק, 14, 11, 0.564284773563523
ועשה, 11, 11, 0.5642831476239332
כועסה, 16, 14, 0.5642709530770094
ידיעה, 25, 12, 0.5642603844696754
משפחתי, 22, 12, 0.5642498158623415
השבת, 30, 10, 0.5642424991341872
הטפל, 15, 12, 0.5642051025236208
מקור, 21, 13, 0.5641888431277224
מהירות, 16, 10, 0.5641880301579275
לקראת, 14, 11, 0.564182339369363
פסק, 15, 10, 0.564122179604539
מסע, 20, 13, 0.5640986034804862
זרם, 18, 13, 0.5639945433467366
בגדול, 16, 11, 0.5639888525581721
הופ, 22, 10, 0.563898612910936
היפרד, 17, 13, 0.5638807275754477
נסתדר, 15, 12, 0.563866907088934
ואללה, 37, 12, 0.5637774804114928
משמרת, 28, 13, 0.5637604080457994
מסורת, 17, 11, 0.5637522783478502
קיי, 85, 14, 0.5636465922745106
אילו, 23, 9, 0.5636051308149697
הקשב, 39, 12, 0.5635799287513272
שדיבר, 14, 10, 0.5635360283824016
הכיפאק, 13, 11, 0.5635319635334268
עקב, 19, 11, 0.563489689104091
אלפיים, 15, 12, 0.5633823770911616
תעמוד, 14, 12, 0.5633783122421869
אושר, 21, 13, 0.5633661176952631
פספס, 15, 12, 0.5633563620577241
צילום, 20, 13, 0.5633498582993648
הגיב, 15, 11, 0.5633303470242866
שמה, 12, 10, 0.5633246562357223
כפול, 16, 12, 0.5633205913867476
זור, 50, 11, 0.5633165265377731
סבון, 19, 12, 0.5632896985345407
מישה, 21, 11, 0.5632474241052048
החלק, 24, 14, 0.563245798165615
השמח, 14, 11, 0.5632360425280759
תספר, 17, 11, 0.5631897032497655
פס, 24, 11, 0.563163688216328
כביסה, 18, 12, 0.5631458028808398
זול, 17, 14, 0.5631319823943262
הוכשר, 15, 10, 0.5629620717071877
משק, 30, 11, 0.5629515030998538
עליון, 19, 13, 0.5628824006672857
תפסיקו, 17, 11, 0.5628368743587702
עבה, 14, 13, 0.5628035425971784
פח, 22, 12, 0.5627173677989168
באוטו, 17, 13, 0.5627067991915828
מילואים, 54, 11, 0.5626474523965537
יוסף, 54, 11, 0.5626271281516807
שרה, 39, 10, 0.5625669683868566
הכנסה, 18, 10, 0.562532010685675
הוצא, 13, 12, 0.5625133123803918
קחו, 11, 9, 0.5624466488572084
רווק, 22, 11, 0.5624320154008998
תזכור, 11, 11, 0.5623726686058705
חיפה, 27, 11, 0.5623238904181754
ולאן, 14, 11, 0.5623165736900212
מעשן, 16, 10, 0.5622694214419157
בטוחה, 12, 12, 0.562266982532531
ברזל, 18, 11, 0.5622653565929412
התחשב, 14, 12, 0.5622263340427851
מעוניין, 13, 13, 0.5621409722143182
דעת, 21, 12, 0.56212471281842
שיושב, 12, 10, 0.5620962588755978
הרעש, 13, 11, 0.5620954459058028
אדע, 14, 12, 0.5620653660233907
ששכח, 12, 9, 0.5620588622650314
מקסימום, 13, 12, 0.5620377250503634
אנושי, 18, 11, 0.5619946376512328
אגף, 45, 13, 0.561980817164719
סיכן, 12, 11, 0.56197106152718
כשזה, 13, 12, 0.5619653707386155
אלוהין, 24, 13, 0.561951550252102
פייר, 17, 11, 0.561879195940354
תסתובב, 17, 14, 0.5618377344808132
רצוף, 12, 12, 0.5618361085412232
מאחור, 12, 9, 0.5616857091291629
איז, 12, 12, 0.5616678237936747
שובר, 18, 11, 0.5616361179716729
השלך, 26, 16, 0.5615857138443878
רצית, 13, 9, 0.5615214892305891
שליח, 13, 11, 0.5615198632909992
הפלה, 19, 10, 0.5615011649857162
סטודנט, 11, 10, 0.5614816537106381
תשתה, 18, 12, 0.561420680976019
ספורט, 16, 10, 0.561410112368685
יה, 14, 12, 0.5613784065466833
כהן, 14, 9, 0.5613597082414
בחירה, 21, 9, 0.5613475136944762
בחירות, 31, 10, 0.5613101170839099
תעז, 16, 11, 0.5612149996179041
מאית, 15, 12, 0.561196301312621
להתראה, 14, 12, 0.5611784159771328
מעצב, 12, 11, 0.561134515608207
שיא, 16, 10, 0.5610759817829729
מסלול, 13, 11, 0.5610580964474846
מאת, 18, 10, 0.5609646049210688
תחשבי, 11, 11, 0.5609581011627094
שתעשה, 11, 11, 0.5609483455251704
נר, 12, 10, 0.5609231434615278
בעינייך, 15, 12, 0.5608719263644478
הדיים, 17, 12, 0.5608272130257272
סם, 65, 16, 0.5608011979922898
תיתן, 12, 10, 0.5606995767679248
סקס, 17, 12, 0.5606987637981298
משאית, 16, 11, 0.5606881951907959
תאריך, 17, 12, 0.5606442948218702
רזה, 13, 12, 0.5605345438995559
יכולתי, 11, 9, 0.5604508080106791
מדים, 18, 10, 0.5604434912825249
העריך, 15, 12, 0.5604353615845757
תעל, 20, 10, 0.5604304837658061
צרפתית, 28, 11, 0.5604296707960112
הבלבל, 13, 11, 0.5603890223062652
אשאל, 11, 10, 0.5603418700581598
ותחזור, 11, 10, 0.5602556952598983
כיבוש, 20, 10, 0.56023780992441
אשלח, 14, 11, 0.560228867256666
כפרה, 15, 11, 0.5602264283472813
עני, 13, 9, 0.5601898447065097
הציג, 13, 11, 0.5601508221563536
גזר, 22, 11, 0.5601483832469689
פקיד, 19, 10, 0.560127246032301
בורא, 13, 10, 0.5601150514853771
נקם, 14, 8, 0.56008578457276
מעצר, 26, 11, 0.5600735900258362
הכנה, 12, 12, 0.5600361934152698
תכנס, 17, 11, 0.5600264377777308
שוקולד, 27, 12, 0.5599979838349086
אחיך, 29, 9, 0.5599833503786
נערה, 18, 12, 0.5599597742545475
שהיה, 10, 8, 0.559952457526393
כשאה, 14, 10, 0.5599467667378286
מרחק, 13, 11, 0.5599296943721352
ערוץ, 16, 11, 0.5599264424929555
הקס, 19, 10, 0.5598150656310517
גמד, 16, 10, 0.559800432174743
תרשום, 20, 10, 0.55977848199028
עודף, 12, 11, 0.5597768560506904
לצערי, 17, 12, 0.5597451502286883
בצ, 17, 10, 0.5597337686515595
תאהב, 13, 10, 0.5597313297421748
נשחק, 13, 10, 0.5597028757993525
מאיתנו, 17, 10, 0.559697997980583
כתם, 17, 10, 0.5596744218565303
ריקוד, 32, 13, 0.5596711699773507
שמור, 11, 9, 0.5596597884002217
חפץ, 22, 11, 0.5596175139708859
לצד, 16, 11, 0.559616701001091
ער, 14, 10, 0.559596376756218
הסבא, 12, 10, 0.5595931248770383
מושב, 21, 12, 0.5595841822092943
שתבין, 11, 10, 0.5595638579644212
זאתי, 17, 9, 0.5595362169913939
מצוות, 12, 9, 0.5594915036526733
החתן, 40, 10, 0.5594752442567749
בגרות, 22, 9, 0.5594037029148219
נצטרך, 14, 12, 0.5593988250960524
שותק, 12, 11, 0.5593305356332792
חשד, 14, 11, 0.5593183410863553
ברך, 17, 10, 0.5593102113884061
בוד, 25, 9, 0.5593045205998416
ממול, 14, 11, 0.559291513083123
פצצה, 14, 11, 0.5592663110194804
השאר, 12, 10, 0.5592476127141972
נשיק, 14, 11, 0.5591980215567071
תעמד, 15, 10, 0.5591776973118341
מוכשר, 11, 10, 0.5591598119763457
היטב, 15, 10, 0.5591370488220881
הריון, 38, 13, 0.5591183505168049
נהייה, 11, 9, 0.5589614473463853
המחורבן, 15, 11, 0.5589053524305359
האצבעת, 11, 9, 0.5588915319440222
זריקה, 24, 10, 0.5588102349645302
ששון, 39, 10, 0.5587899107196572
שורף, 13, 9, 0.5587736513237587
חקר, 26, 10, 0.5587614567768349
חגיגה, 15, 11, 0.5587134915589347
מתרגש, 13, 10, 0.5586614614920596
ראשית, 19, 9, 0.5586289427002629
נמל, 19, 11, 0.5586110573647747
נשכח, 13, 9, 0.5585996757876458
בתיאבון, 17, 11, 0.5585704088750287
שרון, 39, 11, 0.5585354511738472
מגן, 15, 11, 0.5585069972310249
כיפה, 19, 8, 0.5584769173486128
מסמך, 14, 11, 0.5584679746808687
בתיק, 19, 12, 0.558414318674404
טייל, 14, 11, 0.558373670184658
צמוד, 15, 10, 0.5583070066614746
הרוצה, 15, 9, 0.5582435950174707
האחה, 15, 12, 0.5582362782893164
סע, 20, 11, 0.5582094502860839
רטוב, 12, 11, 0.5580444174177154
נוצר, 13, 9, 0.5580346617801761
להקה, 50, 11, 0.5579517388610942
כללי, 14, 10, 0.5579476740121199
תזדיין, 19, 12, 0.5579208460088874
קת, 30, 10, 0.5579119033411433
פוצץ, 13, 11, 0.5578891401868854
הבהלה, 11, 11, 0.5578045913282137
פתר, 11, 11, 0.5577940227208799
מזון, 12, 8, 0.5577883319323154
אולם, 18, 10, 0.5577745114458017
מאתיים, 21, 10, 0.557772072536417
התגייס, 13, 10, 0.557721668409132
למעשה, 13, 11, 0.5577200424695421
נעצר, 12, 11, 0.5577159776205676
תמים, 13, 9, 0.557711099801798
הסכם, 16, 10, 0.5576785810100011
אוטו, 24, 11, 0.5576745161610266
דני, 71, 11, 0.5576517530067688
ציור, 20, 10, 0.557628176882716
עסוק, 15, 12, 0.5575859024533802
יי, 16, 9, 0.5575647652387123
מזרחי, 17, 9, 0.5575639522689174
אפשרות, 15, 10, 0.5575639522689174
תרצה, 11, 10, 0.557559074450148
בגין, 26, 9, 0.5575501317824038
מקצועי, 18, 12, 0.5575224908093765
שתיקה, 11, 9, 0.5574850941988101
רומן, 37, 11, 0.5574680218331167
סביר, 10, 10, 0.5574615180747574
בעדינות, 12, 9, 0.557456640255988
קונץ, 10, 9, 0.5574485105580387
צהוב, 12, 11, 0.5574062361287029
הולדה, 18, 11, 0.5573574579410077
התפוצץ, 20, 11, 0.5573411985451091
מוסד, 22, 12, 0.5573013630251582
יקירתי, 16, 10, 0.5572542107770528
אנא, 14, 12, 0.5572249438644357
השיחה, 13, 11, 0.5571712878579709
סוחר, 21, 11, 0.5571704748881761
ביצע, 13, 13, 0.5571655970694065
בתולה, 22, 10, 0.5570672277242212
מיותר, 13, 9, 0.5570420256605786
תרצ, 11, 10, 0.5570013771708325
גבת, 23, 12, 0.5568810576411845
גיהינום, 14, 11, 0.55687536685262
שבגלל, 10, 9, 0.5568070773898466
דאוג, 10, 10, 0.5567753715678447
משותף, 14, 9, 0.5567249674405598
אריה, 12, 9, 0.556712772893636
זוהר, 48, 12, 0.5566217202766048
לש, 12, 9, 0.5566209073068099
לוחץ, 14, 11, 0.5565046526261364
אנגלי, 21, 11, 0.5564388020727478
תורך, 13, 12, 0.5564201037674646
הצוואר, 14, 11, 0.5563737644891542
השעון, 19, 12, 0.5563526272744863
מסטול, 9, 9, 0.5563127917545352
נבנה, 17, 10, 0.5563119787847401
העניק, 20, 11, 0.556303849086791
חובה, 28, 11, 0.556303036116996
תשחק, 14, 11, 0.556294093449252
חדרה, 11, 10, 0.5562314947750431
במקרר, 11, 11, 0.5562274299260684
בושם, 13, 9, 0.5562022278624259
פיל, 16, 10, 0.5561737739196038
גרון, 18, 11, 0.5561648312518597
פסיק, 28, 9, 0.5561485718559613
טרמפ, 14, 11, 0.5561388162184222
דרישה, 10, 10, 0.5561168660339594
סניף, 21, 11, 0.5560689008160591
בחי, 18, 11, 0.5560363820242622
פקד, 34, 11, 0.5560217485679537
השלים, 10, 9, 0.5559664666218991
פיגוע, 31, 10, 0.5559550850447703
עירומה, 14, 12, 0.5559428904978464
לבנים, 22, 9, 0.5559193143737937
נחשוב, 11, 10, 0.5559136235852293
לבנון, 31, 12, 0.5558583416391748
תתבייש, 10, 9, 0.5557103811364992
כובע, 17, 10, 0.5556656677977786
אקבל, 11, 10, 0.5556136377309038
עת, 18, 11, 0.5555477871775152
אמון, 17, 10, 0.5555315277816169
נגיע, 9, 8, 0.555519333234693
ארבעים, 13, 9, 0.5554941311710504
חוקר, 21, 10, 0.5554811236543318
טון, 13, 12, 0.5554754328657673
בלעדייך, 9, 9, 0.5554697420772029
בירר, 12, 10, 0.5554632383188435
השמלה, 19, 10, 0.5554201509197128
בוס, 26, 12, 0.5554160860707381
ממהר, 14, 10, 0.5553900710373006
מלכה, 46, 9, 0.5553185296953478
הכובע, 11, 9, 0.5553079610880136
התחרט, 19, 11, 0.5553038962390392
איכשהו, 13, 10, 0.5552478013231896
הציץ, 14, 11, 0.5552396716252405
לוויה, 15, 9, 0.5552266641085217
מעולה, 13, 10, 0.5552250381689319
זיון, 21, 12, 0.5551908934375454
ויכוח, 10, 7, 0.5551868285885706
אשאיר, 11, 10, 0.5551591876155433
רם, 10, 9, 0.5551469930686195
נטש, 11, 9, 0.55514048931026
שרמוטה, 17, 11, 0.5551234169445669
בסוף, 11, 11, 0.5550486237234342
תראי, 11, 9, 0.5550461848140494
התחבא, 19, 11, 0.5550421199650749
העיד, 22, 10, 0.555019356810817
מבלי, 12, 11, 0.5549965936565593
כתבה, 27, 10, 0.5549917158377897
פרויקט, 23, 10, 0.5549031021301435
רביעי, 21, 11, 0.5548990372811688
דחף, 9, 9, 0.554856762851833
שירת, 14, 10, 0.554755141627468
מפ, 17, 11, 0.554754328657673
קנס, 13, 9, 0.5547478248993136
משרה, 13, 10, 0.5547128671981321
נורמל, 13, 9, 0.5546234405206909
שיעשה, 15, 11, 0.5546210016113061
טיפוס, 15, 11, 0.5545892957893043
האופן, 10, 9, 0.5545665326350464
ודי, 12, 10, 0.5545291360244802
חוויה, 13, 10, 0.5545079988098122
הדוד, 18, 9, 0.5544974302024783
אבו, 32, 9, 0.5544860486253493
לדבר, 10, 10, 0.5544787318971951
תועלת, 10, 9, 0.5544519038939628
המטומטם, 11, 10, 0.554438083407449
אמנם, 12, 9, 0.5544218240115507
תום, 11, 7, 0.5544096294646268
הש, 10, 8, 0.5543649161259062
אכין, 16, 12, 0.5543649161259062
אוריד, 11, 9, 0.5543559734581621
בומבה, 18, 9, 0.554347030790418
אן, 23, 10, 0.5543340232736993
נבא, 11, 11, 0.5543291454549297
ריכוז, 12, 9, 0.5543234546663653
יורם, 38, 9, 0.5542811802370294
קצ, 97, 11, 0.5542600430223616
תהיו, 10, 10, 0.5542356539285139
פרופסור, 41, 10, 0.5541714293147152
לקוח, 24, 12, 0.5541584217979966
טרי, 18, 11, 0.554091758274813
חצה, 15, 8, 0.5540502968152722
אומה, 16, 11, 0.5540502968152721
ריבון, 38, 9, 0.5540494838454773
ענן, 15, 9, 0.5540356633589636
השג, 12, 9, 0.5540299725703992
מהנשמע, 11, 11, 0.5539169697689053
פורסם, 11, 10, 0.5538933936448525
פוס, 14, 8, 0.5538771342489541
הקפיץ, 15, 11, 0.5538576229738761
יקיר, 15, 9, 0.5538340468498233
באימא, 16, 10, 0.5537722611454095
מלוכלך, 10, 10, 0.5537673833266399
אחליף, 13, 11, 0.5537494979911515
שף, 23, 10, 0.5537291737462786
מלאך, 17, 10, 0.553724295927509
בלה, 12, 10, 0.5536917771357123
עיתונאי, 20, 10, 0.5536812085283783
דרמה, 11, 8, 0.5536096671864253
תוצאה, 13, 10, 0.5534901606265721
פלא, 11, 9, 0.5534869087473924
תדאגו, 8, 7, 0.5534690234119042
הצרה, 11, 10, 0.5534633326233397
ברא, 23, 9, 0.5534316268013378
קילוגרם, 17, 8, 0.5533747189156933
כעת, 11, 11, 0.553368215157334
תנס, 12, 9, 0.5531657856783989
חוצפן, 11, 9, 0.5531357057959868
נבחר, 14, 9, 0.5531292020376275
תור, 18, 9, 0.5531275760980376
ערבות, 16, 9, 0.5531194464000884
נאה, 13, 10, 0.5531056259135748
מנגן, 17, 11, 0.5530755460311627
הכפתור, 13, 9, 0.5530511569373151
שולחה, 9, 8, 0.5530348975414168
הנכד, 12, 9, 0.5529836804443368
שכם, 20, 9, 0.5529682340182333
ידך, 17, 11, 0.5529438449243855
זמר, 31, 10, 0.5529308374076669
זוב, 37, 9, 0.5528975056460752
תוציא, 16, 9, 0.5528950667366905
הכבה, 16, 11, 0.5528934407971007
חזור, 14, 9, 0.5528145827269934
קומי, 24, 11, 0.552807265998839
משקל, 11, 9, 0.5527983233310949
אורז, 12, 10, 0.5527820639351966
הזיין, 19, 9, 0.5527779990862219
לקום, 20, 10, 0.552747106234015
גונב, 14, 8, 0.5527462932642201
מחרתיים, 11, 9, 0.552727594958937
פתק, 17, 11, 0.5527202782307825
תתחתן, 9, 8, 0.5527194652609877
עיקרון, 10, 9, 0.5527072707140638
תעני, 9, 9, 0.5527007669557045
שנולד, 10, 9, 0.5525381729967205
אחשוב, 11, 10, 0.5525259784497967
לימון, 16, 10, 0.552492646688205
עק, 13, 9, 0.5524536241380487
הקל, 12, 9, 0.5524471203796895
וסבתא, 16, 7, 0.5524300480139961
אשכרה, 15, 9, 0.552429235044201
אגמר, 12, 11, 0.552400781101379
מעלה, 10, 8, 0.5523926514034296
תפתחי, 14, 11, 0.5523609455814279
כנף, 10, 7, 0.5523536288532735
פעיל, 14, 10, 0.5523389953969651
תגמור, 11, 10, 0.5523072895749632
תגלה, 11, 9, 0.5523048506655783
למות, 11, 9, 0.5522455038705492
עצובה, 10, 8, 0.5522235536860863
צרפת, 20, 10, 0.5521934738036742
קשקש, 11, 9, 0.5521812792567505
בב, 93, 9, 0.552163629944751
שמואל, 33, 9, 0.5520682764552566
למחרת, 8, 8, 0.5520447003312039
צוין, 16, 9, 0.5519869794757646
תקשיבו, 12, 9, 0.5519609644423271
שכתוב, 9, 9, 0.5519495828651982
תעשו, 13, 10, 0.5519430791068388
התור, 13, 9, 0.5519373883182744
המתין, 12, 10, 0.5519251937713506
בקש, 10, 9, 0.5519235678317607
התאמץ, 12, 8, 0.5519203159525812
סודי, 12, 9, 0.5519073084358624
רגיש, 15, 10, 0.5518642210367316
עוצמה, 13, 9, 0.5518512135200129
התקשרה, 15, 10, 0.5518146298792415
מסוים, 12, 10, 0.5518121909698568
מאמר, 15, 10, 0.5517967445437533
הסוד, 11, 9, 0.5517926796947787
שחק, 22, 9, 0.5517918667249837
הירין, 17, 9, 0.5517723554499057
הוקף, 10, 10, 0.5517560960540071
שיכר, 13, 10, 0.5517552830842123
ממילא, 13, 9, 0.5516682953161558
באמצ, 15, 10, 0.5516634174973862
הורג, 16, 9, 0.5516178911888707
מדהים, 9, 9, 0.5515886242762537
פרה, 20, 8, 0.5515691130011755
סחתיין, 13, 10, 0.5515097662061463
פעמים, 10, 10, 0.5514813122633241
קושי, 10, 9, 0.5514788733539393
עובר, 10, 8, 0.5514601750486562
רים, 9, 8, 0.5514374118943985
הפעיל, 10, 9, 0.5514146487401407
לתמיד, 15, 11, 0.5514113968609611
מרים, 26, 9, 0.5514048931026017
השפעה, 11, 9, 0.5513878207369084
ותביא, 10, 9, 0.5513398555190081
זב, 12, 8, 0.5513341647304436
דת, 9, 8, 0.5512813216937738
ציר, 28, 10, 0.5512707530864398
בלעדיך, 10, 9, 0.5512707530864398
כיצד, 11, 8, 0.5512561196301313
אסע, 13, 10, 0.5511723837412544
התחשק, 15, 10, 0.5511634410735103
קני, 13, 11, 0.5511601891943306
קולה, 14, 8, 0.5511276704025339
יען, 14, 9, 0.5511097850670457
ענקי, 11, 9, 0.5511032813086862
זומן, 14, 10, 0.5510780792450438
התחתון, 11, 10, 0.5510772662752488
מסור, 11, 9, 0.551003286023911
אתחיל, 13, 10, 0.550993530386372
עדן, 10, 8, 0.5509723931717041
היגש, 11, 9, 0.5509268668631886
עקשן, 15, 7, 0.5509203631048292
לוח, 15, 10, 0.5508984129203663
יר, 16, 9, 0.550861829279595
דייט, 13, 10, 0.5508496347326711
להגיד, 9, 9, 0.5508366272159524
עונג, 10, 9, 0.5507415097499466
ההבוקר, 9, 9, 0.5507350059915874
שתרצה, 11, 8, 0.5506894796830719
דמעה, 15, 9, 0.5506764721663531
ארז, 129, 11, 0.550644224364488
הבזבז, 10, 9, 0.5506423274349665
מימין, 10, 9, 0.5505902973680916
גמרה, 9, 8, 0.5505309505730624
נרד, 10, 9, 0.5504919280229063
חיוור, 10, 7, 0.5504919280229061
ניתק, 8, 7, 0.5504569703217246
המעיל, 13, 8, 0.5504553443821348
דבש, 15, 10, 0.5503805511610022
יומד, 17, 10, 0.5503756733422327
חגג, 12, 10, 0.5503667306744886
זרוע, 8, 7, 0.550362665825514
עצה, 11, 10, 0.5502943763627406
התקף, 13, 10, 0.5502870596345864
גדר, 11, 8, 0.5502675483595082
הפסד, 11, 9, 0.5502642964803285
אבק, 21, 9, 0.5502626705407387
שליטה, 10, 10, 0.5501927551383755
הסבר, 14, 10, 0.5501773087122721
אמי, 12, 7, 0.5501732438632976
מסקנה, 12, 8, 0.5501618622861686
אליהו, 39, 9, 0.5501342213131414
התייעץ, 11, 10, 0.5501187748870379
שחזר, 13, 11, 0.5501106451890887
תנשום, 11, 8, 0.5500968247025749
שידוך, 18, 7, 0.5500456076054951
קריאה, 11, 8, 0.5500106499043135
מיקי, 45, 8, 0.5499830089312862
אורגן, 9, 7, 0.5499521160790792
מחברה, 17, 8, 0.5499399215321553
רימה, 14, 9, 0.5498919563142551
טופס, 18, 10, 0.5498895174048704
הירד, 14, 10, 0.5498513078245091
מחק, 13, 8, 0.5498049685461986
תייר, 15, 10, 0.5497895221200951
הוכר, 9, 8, 0.5497846443013257
התקיים, 15, 9, 0.5497667589658374
מהפה, 10, 9, 0.5497602552074781
היין, 17, 9, 0.5497252975062965
תעורר, 13, 10, 0.5497025343520385
הלבן, 15, 10, 0.5496911527749098
אזמין, 9, 9, 0.5496781452581911
בריכה, 19, 10, 0.5496724544696266
מכון, 15, 10, 0.5496521302247536
אשב, 9, 9, 0.5496326189496755
מהאתה, 19, 11, 0.5496212373725466
תשלום, 18, 10, 0.5495610776077227
יישן, 9, 9, 0.5495391274232598
החזרה, 12, 9, 0.5494984789335138
קודש, 24, 9, 0.5494830325074103
הקדים, 11, 9, 0.5494757157792559
הסתבר, 11, 9, 0.549434254319715
דאגה, 13, 10, 0.5494301894707404
שלווה, 13, 9, 0.5494123041352522
חירום, 10, 9, 0.5494090522560725
ברז, 12, 9, 0.5493765334642757
המקס, 60, 10, 0.549372468615301
עסקה, 19, 9, 0.5493366979443246
הנחה, 14, 10, 0.5493139347900668
הברכי, 11, 9, 0.5493066180619126
חווה, 24, 8, 0.5492806030284751
תשת, 10, 9, 0.5492797900586801
טבעת, 14, 9, 0.5492643436325767
ותראה, 11, 9, 0.5492602787836021
זהה, 10, 9, 0.5492586528440122
השיער, 14, 10, 0.5492448323574987
דבורה, 23, 9, 0.5492399545387291
אדאג, 13, 11, 0.5492277599918052
המשאי, 15, 8, 0.5492147524750866
מזג, 10, 10, 0.5492131265354967
אקן, 13, 11, 0.5491911763510339
התנהגות, 11, 9, 0.5491765428947253
עירום, 14, 9, 0.5491749169551355
הנגן, 14, 9, 0.5491716650759558
יונה, 37, 8, 0.5491074404621572
טיפשה, 10, 9, 0.5490830513683095
דוחף, 15, 9, 0.5490797994891298
זקנה, 15, 10, 0.5490399639691788
אמך, 16, 9, 0.5490180137847158
הודו, 17, 9, 0.5490180137847158
מהיר, 13, 9, 0.549016387845126
אמבטיה, 13, 9, 0.5490106970565616
אלמנה, 11, 8, 0.5490025673586123
פתיחה, 15, 10, 0.5489546021407121
תישארי, 10, 9, 0.5489375297750188
תהליך, 11, 9, 0.5489131406811711
הפגנה, 16, 9, 0.5488903775269134
מגע, 14, 9, 0.5488651754632708
תזדרז, 9, 9, 0.5488651754632708
הושבא, 7, 6, 0.548843225278808
שהגיע, 12, 9, 0.5488058286682417
בזהירה, 15, 10, 0.5487887563025483
זוזי, 12, 8, 0.5487090852626462
גובה, 11, 9, 0.5486985166553122
הזיע, 14, 10, 0.5486619330145408
חורף, 13, 9, 0.5485871397934081
מחייך, 9, 9, 0.5485806360350487
הטומטם, 9, 8, 0.5485180373608399
אכתב, 11, 9, 0.5484944612367872
הון, 13, 8, 0.5484790148106837
מבוגר, 15, 12, 0.5484643813543751
התעכב, 8, 8, 0.5484391792907326
האחר, 9, 8, 0.548414790196885
דמיין, 14, 9, 0.5484090994083206
תירוץ, 14, 9, 0.5483871492238577
הייתה, 8, 7, 0.5483399969757523
היאמן, 10, 8, 0.5483391840059574
עצרו, 11, 9, 0.5483115430329302
שידור, 30, 8, 0.548271707512979
דיין, 19, 7, 0.5482497573285161
הרגיז, 9, 8, 0.548242440600362
חצות, 10, 8, 0.5482245552648737
מתישהו, 10, 10, 0.5482164255669244
גלגל, 11, 10, 0.5482123607179499
קי, 64, 8, 0.5481847197449226
חוש, 23, 10, 0.5481676473792292
הכיסא, 15, 10, 0.5481595176812801
שיה, 10, 8, 0.5481554528323054
סיעה, 12, 10, 0.5481489490739461
לטייל, 11, 9, 0.5481017968258407
העז, 11, 9, 0.5480408240912217
הלווה, 11, 10, 0.5480148090577842
סופי, 17, 9, 0.5480131831181945
מלאכה, 17, 8, 0.5480058663900401
פיחד, 14, 11, 0.5479912329337316
אנרגיה, 12, 11, 0.5479879810545519
מסך, 15, 10, 0.5479798513566027
ועד, 10, 9, 0.5479229434709583
תיכנסו, 10, 8, 0.547884733890597
הסכמה, 14, 9, 0.5478684744946987
פושטק, 10, 8, 0.5478587188571595
ההר, 20, 8, 0.547835142733107
טיל, 25, 8, 0.5478180703674136
תירה, 14, 9, 0.547783925636027
גורל, 12, 9, 0.5477806737568472
שרד, 9, 8, 0.5477335215087419
נחל, 9, 7, 0.5476839303512517
שמדבר, 8, 8, 0.5476587282876093
קפל, 10, 8, 0.5476375910729412
תשומה, 12, 8, 0.5475684886403731
שלמה, 168, 14, 0.5475468771933247
מהקור, 18, 9, 0.5475205234224728
לוי, 13, 8, 0.5474684933555978
היגיון, 9, 8, 0.5474538598992893
עצרת, 9, 9, 0.5474473561409299
הדביק, 13, 9, 0.5474302837752366
הומור, 8, 8, 0.5473993909230296
מרכזי, 15, 9, 0.5473408570977953
פסיך, 8, 8, 0.5473359792790258
הזיק, 13, 8, 0.5473302884904614
מנקה, 7, 7, 0.5473034604872291
עיירה, 25, 8, 0.5473018345476393
קרוע, 13, 8, 0.547283136242356
שיגיע, 9, 8, 0.5472798843631763
שבסוף, 9, 9, 0.5472774454537916
כב, 9, 8, 0.5472709416954322
משחקה, 10, 10, 0.5472554952693287
ליל, 16, 9, 0.5472433007224049
פראייר, 21, 9, 0.5472302932056863
תחזיר, 12, 10, 0.5472189116285574
הפיל, 11, 9, 0.5472148467795828
בתול, 10, 8, 0.547212407870198
תקום, 18, 9, 0.5471815150179911
גדולה, 19, 8, 0.5471595648335283
משקר, 10, 8, 0.5471554999845536
לה, 13, 7, 0.5471156644646025
ירקון, 11, 8, 0.5470969661593192
אנה, 77, 10, 0.5470455695754015
מכם, 11, 8, 0.547040058273675
שעשיתי, 10, 9, 0.5469587612941829
מוטב, 15, 8, 0.5469254295325912
שתפסיק, 10, 9, 0.5469246165627963
אישיות, 7, 7, 0.5469238035930013
משעמם, 10, 9, 0.5469132349856674
תזמורת, 29, 8, 0.5468986015293588
שאוהב, 9, 7, 0.5468311250363804
תסגר, 8, 8, 0.5468116137613023
תקלה, 9, 8, 0.5468083618821227
מזכירה, 13, 9, 0.5467912895164293
התעלם, 12, 8, 0.5467717782413513
רומניה, 15, 8, 0.5467343816307848
מודאג, 7, 7, 0.5466888553222694
האדון, 13, 9, 0.5466888553222693
באוט, 8, 8, 0.5466612143492421
חר, 10, 8, 0.5465912989468789
בלון, 12, 10, 0.5465864211281095
עתה, 11, 9, 0.5464904906923087
ותיק, 10, 8, 0.5464791091151799
סטירה, 9, 8, 0.5464522811119477
רובה, 10, 9, 0.5464205752899456
חכי, 14, 10, 0.5464140715315864
אוט, 12, 10, 0.5463945602565082
אופנוע, 23, 10, 0.5463799268001996
לפחד, 10, 9, 0.5463612284949164
משקה, 17, 9, 0.546336026431274
השלט, 9, 7, 0.5463303356427096
כלם, 14, 8, 0.5463043206092721
מהשלומך, 19, 10, 0.5462823704248092
עייפה, 9, 9, 0.5462726147872703
אוזני, 12, 9, 0.5462669239987058
שגע, 9, 8, 0.5462531035121923
קילומטר, 12, 7, 0.5462197717506003
וברכה, 9, 7, 0.5461644898045457
חשוד, 17, 8, 0.5461335969523389
כנסי, 12, 10, 0.546131971012749
כיבד, 10, 8, 0.5460766890666944
לאכול, 10, 8, 0.5460189682112551
בש, 12, 9, 0.5460181552414602
תחך, 8, 8, 0.5460165293018704
דיווח, 15, 9, 0.5459970180267921
פיקוד, 17, 9, 0.5459856364496634
החור, 10, 9, 0.5459758808121242
סנדוויץ, 14, 9, 0.5459701900235598
הלמד, 12, 8, 0.54596856408397
הוצלח, 9, 7, 0.5459620603256106
בלבול, 11, 8, 0.5459506787484818
רווח, 13, 9, 0.5459124691681205
יהי, 9, 7, 0.5458970227420171
יידע, 13, 9, 0.5458750725575542
סוליה, 12, 8, 0.5458653169200152
לומד, 8, 6, 0.5458514964335015
טר, 9, 8, 0.5458417407959626
השתדל, 10, 7, 0.5458173517021149
הזמן, 8, 7, 0.5458140998229352
בג, 14, 8, 0.5457848329103181
דשא, 14, 10, 0.5457685735144198
עה, 13, 7, 0.5457417455111873
לנגן, 17, 10, 0.5457149175079549
מצרי, 23, 7, 0.5457059748402109
קהילה, 16, 10, 0.545693780293287
שעשי, 10, 10, 0.5456905284141073
יודע, 9, 9, 0.5456515058639512
קליינט, 8, 7, 0.5456482539847715
רב, 878, 92, 0.5456174778002116
מינימום, 7, 7, 0.545611670344
תפוז, 14, 7, 0.5456011017366661
הבחין, 9, 9, 0.5455978498574864
זית, 20, 10, 0.5455677699750743
מסתובב, 10, 10, 0.5455401290020471
נבהלה, 9, 8, 0.5455319993040979
בחייאת, 11, 9, 0.5455263085155334
הריים, 7, 6, 0.5455222436665589
תצ, 13, 8, 0.5455189917873791
אצטרך, 11, 11, 0.5455051713008655
גווע, 9, 7, 0.5454815951768128
ניס, 11, 7, 0.5454441985662465
התגרש, 8, 8, 0.5454441985662465
טפל, 8, 8, 0.5454311910495278
בעייתי, 7, 7, 0.5454157446234242
בום, 12, 8, 0.5454133057140396
הפוצץ, 9, 8, 0.5454068019556801
רשאי, 13, 9, 0.5454027371067055
וקיבינימט, 9, 7, 0.5453864777108071
החלטתי, 8, 8, 0.5453580237679849
התהפך, 8, 8, 0.5453401384324967
שיגיד, 10, 9, 0.5453198141876237
לעומת, 10, 9, 0.5453141233990593
טרח, 11, 7, 0.5452881083656218
גישה, 7, 7, 0.5452807916374676
אהרון, 47, 8, 0.5452620933321843
התעלף, 12, 10, 0.5452474598758758
רחל, 60, 10, 0.5452466469060808
סי, 13, 10, 0.545245020966491
תיאטרון, 28, 9, 0.5451775444735126
מדויק, 10, 9, 0.5451677888359735
תרנגולת, 14, 8, 0.5451564072588447
להד, 10, 9, 0.5451409608327412
שנדע, 9, 8, 0.5451149457993039
ויפה, 11, 7, 0.5450873048262764
רועד, 9, 9, 0.5450686065209933
שרצי, 8, 8, 0.5450116986353489
לאללה, 11, 9, 0.5449970651790403
ובא, 11, 8, 0.5449864965717064
יקח, 14, 9, 0.5449775539039623
סולם, 10, 7, 0.5449474740215502
לוחם, 19, 8, 0.5449466610517553
השיר, 11, 7, 0.5449320275954467
ירי, 90, 9, 0.5449274027006135
דביל, 16, 8, 0.5449141422599584
לאיפה, 11, 8, 0.5449011347432398
הקצה, 12, 7, 0.5448995088036499
קריה, 13, 8, 0.5448970698942651
תזכר, 11, 9, 0.5448791845587769
עתיק, 13, 10, 0.5448743067400074
תעצר, 17, 9, 0.5448320323106715
בכיתי, 8, 7, 0.5448320323106715
קלקל, 7, 6, 0.5448206507335427
מוצלח, 11, 8, 0.5447921967907204
החמוד, 10, 9, 0.5447897578813357
נירגע, 7, 7, 0.5447856930323611
לעזור, 6, 6, 0.5447816281833866
אחור, 13, 7, 0.5447767503646169
תרים, 11, 8, 0.5447694336364626
זקוק, 11, 10, 0.5447588650291286
משיח, 13, 8, 0.5447174035695879
טרגדיה, 10, 9, 0.5447027701132792
ניגן, 14, 10, 0.5446808199288165
לסבתא, 8, 7, 0.5446791939892266
כבוד, 586, 66, 0.5446774154443852
זריז, 13, 9, 0.5446718772610722
הספה, 14, 8, 0.5446401714390704
תתני, 11, 8, 0.5446320417411211
מראה, 10, 8, 0.5446157823452227
המסריח, 9, 8, 0.5445946451305548
חטיבה, 12, 7, 0.5445434280334749
קדיש, 14, 9, 0.5445401761542952
קיום, 13, 8, 0.5444938368759846
תמך, 8, 7, 0.5444922109363949
מסכימה, 8, 7, 0.5444922109363949
יפיפה, 13, 7, 0.5444881460874202
השתלט, 11, 8, 0.5444320511715708
סף, 10, 8, 0.5444255474132114
כמות, 8, 7, 0.544409288017313
צור, 24, 8, 0.544399532379774
בע, 25, 8, 0.5443840859536704
בשש, 10, 9, 0.5443800211046959
הושלם, 8, 8, 0.5443727043765416
תסך, 9, 7, 0.5443613227994127
כשיו, 144, 8, 0.5443304299472058
תוצרת, 7, 7, 0.5443296169774108
מנהיג, 11, 9, 0.5442987241252039
חיץ, 7, 7, 0.5442393773301747
אלווה, 9, 8, 0.544226369813456
ריקי, 75, 8, 0.5441954769612489
מערבי, 11, 9, 0.5441905991424794
שתעשי, 9, 9, 0.5441271874984757
לשיר, 15, 9, 0.5441190578005265
במו, 10, 8, 0.5441174318609366
רגאלי, 7, 7, 0.5440572720961127
נבהל, 16, 8, 0.5439954863916987
אמסור, 10, 9, 0.5439930474823138
הרוג, 14, 8, 0.5439800399655952
החום, 8, 7, 0.5439792269958001
שע, 12, 7, 0.5439637805696967
סק, 10, 7, 0.543961341660312
תחייך, 9, 8, 0.5439450822644136
אשמר, 8, 8, 0.5439410174154389
מרוצה, 10, 9, 0.5439011818954878
אפריקה, 15, 8, 0.5438767928016403
באב, 9, 7, 0.5438686631036911
תקח, 9, 8, 0.5438393961910739
ספרייה, 12, 7, 0.5438369572816892
בכיף, 9, 9, 0.5438174460066112
כובד, 11, 9, 0.5438141941274314
בטטה, 11, 8, 0.5438117552180466
יקום, 10, 7, 0.5437841142450193
גול, 25, 8, 0.5437841142450193
פיתוח, 10, 8, 0.5437759845470701
נשיא, 16, 7, 0.5437605381209667
חריג, 11, 7, 0.5437491565438377
מחורבן, 10, 7, 0.5437223285406054
השף, 11, 9, 0.5436881838092187
אכזב, 9, 9, 0.5436678595643458
נטפל, 9, 7, 0.5436003830713674
תז, 12, 10, 0.5435296546992093
מגורים, 10, 7, 0.5435158342126957
נוראי, 11, 8, 0.5435077045147465
פליט, 21, 8, 0.5435052656053617
אלמד, 13, 10, 0.5434881932396683
מחזור, 21, 9, 0.5434743727531548
בכיר, 10, 9, 0.5434532355384868
רפואי, 12, 8, 0.5434410409915631
אוציא, 10, 8, 0.5434068962601764
טקסט, 14, 7, 0.5433816941965339
הפקיד, 11, 8, 0.5433638088610456
שהילד, 15, 11, 0.5433532402537116
מתבייש, 8, 7, 0.5433483624349421
בתוככי, 10, 8, 0.5433174695827351
אשיר, 8, 8, 0.5433012101868367
חסד, 7, 7, 0.5432971453378621
בלעד, 9, 7, 0.543267878425245
פרידה, 42, 9, 0.5432654395158603
משגע, 6, 6, 0.5432532449689365
השינה, 11, 9, 0.5432491801199618
אלפי, 9, 7, 0.5432459282407822
השלם, 9, 8, 0.5432264169657042
נתקל, 8, 8, 0.5432231650865245
עורר, 9, 7, 0.5431597534425207
זוכרה, 13, 10, 0.543155688593546
נתחתן, 12, 8, 0.5430890250703626
נסיך, 10, 7, 0.5430394339128723
אשכנזי, 9, 8, 0.543033743124308
אלון, 10, 7, 0.543011792939845
נחזיר, 9, 9, 0.5429776482084585
סדרה, 7, 6, 0.5429711444500992
השעמם, 12, 10, 0.5429491942656363
הרצל, 102, 9, 0.5429410326865186
מאמינה, 7, 7, 0.5429378126885074
לבוא, 9, 8, 0.542931308930148
יכנס, 8, 7, 0.5428898474706072
נוסעה, 10, 8, 0.5428589546184002
בפה, 7, 7, 0.5428353784943475
מנוול, 9, 6, 0.5427955429743964
כופה, 10, 8, 0.5427768446691131
רימון, 16, 8, 0.5427435129075215
אמצעי, 7, 6, 0.5427256275720332
מוטי, 80, 9, 0.5427099575792361
ציין, 8, 7, 0.5427044903573652
מחפש, 10, 7, 0.5426898569010566
תורכי, 15, 10, 0.542667093746799
חתימה, 13, 8, 0.5426646548374141
נאצי, 15, 8, 0.5426492084113107
הכבד, 7, 7, 0.5426329490154124
שילך, 9, 8, 0.5426150636799241
ענף, 8, 7, 0.5426036821027952
שביקשה, 9, 7, 0.5426004302236156
ייתכן, 11, 7, 0.5425882356766917
מחך, 9, 8, 0.5425370185796117
במין, 8, 8, 0.5425297018514574
חפר, 12, 8, 0.5425288888816626
יודעה, 10, 8, 0.5425223851233031
מכוסה, 10, 9, 0.5425142554253539
כיסה, 10, 8, 0.5425061257274046
טחינה, 11, 8, 0.5425012479086352
הקריא, 11, 8, 0.5424597864490943
שברח, 9, 8, 0.5424443400229908
הצלה, 11, 8, 0.5424337714156569
בוגר, 7, 6, 0.5424280806270925
משטר, 16, 6, 0.5424280806270924
נתון, 8, 7, 0.5423947488655007
נציג, 16, 9, 0.542341092859036
פרנס, 9, 6, 0.5423329631610867
עשרות, 9, 7, 0.542299631399495
החכם, 10, 6, 0.542288249822366
תחום, 15, 8, 0.5422719904264677
פעמי, 11, 8, 0.542248414302415
מחיאה, 10, 7, 0.5422427235138505
מפגר, 10, 8, 0.5422427235138505
נעזוב, 7, 6, 0.5422297159971319
עיני, 13, 7, 0.5422110176918487
שיפר, 9, 7, 0.5422012620543097
תמונות, 9, 9, 0.5421760599906671
אפטר, 8, 8, 0.5421630524739482
נקבע, 8, 8, 0.5421622395041534
סילק, 10, 7, 0.5421467930780499
בשמש, 8, 7, 0.5421419152592805
השפיע, 17, 9, 0.5421264688331769
שלקח, 12, 9, 0.542125655863382
לירות, 9, 6, 0.5421240299237923
יהלום, 11, 7, 0.5421118353768684
עקום, 10, 8, 0.5421085834976886
הורגים, 15, 10, 0.5420793165850716
תחשוב, 11, 10, 0.5420443588838901
לבשל, 12, 7, 0.5420272865181968
לימוד, 9, 7, 0.5419980196055796
אשת, 11, 9, 0.5419817602096811
תחזרו, 8, 7, 0.5419817602096811
קלות, 10, 8, 0.5419785083305015
לל, 19, 7, 0.5419744434815269
הוכח, 8, 8, 0.5419671267533727
תשימ, 11, 8, 0.5419508673574742
שמשון, 17, 8, 0.5419402987501403
אורך, 14, 9, 0.5419370468709606
מדריך, 9, 8, 0.5419004632301891
חסם, 7, 6, 0.5418939594718298
להפך, 8, 7, 0.5418557498914686
אלכס, 83, 8, 0.5418524784226553
חירש, 11, 9, 0.541810223582953
עמוס, 16, 8, 0.5417842085495156
אזוז, 13, 8, 0.5417817696401308
שיתף, 8, 7, 0.5417712010327969
ישנה, 12, 10, 0.5417687621234121
תתקרב, 13, 9, 0.541750063818129
מחילה, 14, 6, 0.5417305525430509
אפריע, 8, 8, 0.5417232358148965
תתרכז, 8, 8, 0.5417151061169474
חף, 12, 8, 0.5416768965365861
אוכלה, 9, 8, 0.5416760835667913
המח, 8, 7, 0.5416590112010978
רכבת, 9, 7, 0.5416573852615081
ירח, 8, 7, 0.5416533204125334
נטל, 8, 7, 0.5416508815031487
מיץ, 14, 8, 0.5416208016207367
פוחד, 12, 7, 0.5415882828289398
הספק, 6, 5, 0.5414988561514986
לעבר, 7, 6, 0.5414874745743697
בצוואר, 9, 8, 0.5414817837858052
תשחרר, 9, 8, 0.5414704022086764
חושין, 10, 7, 0.541463898450317
בשל, 11, 9, 0.5414614595409322
הקירה, 8, 8, 0.5414590206315475
באו, 8, 8, 0.541443574205444
ההזא, 10, 9, 0.5414069905646725
עיתונות, 11, 7, 0.5413931700781589
שנוכל, 8, 8, 0.5413639031655418
בהמה, 7, 6, 0.5413216287362059
הג, 17, 7, 0.5413191898268213
התפזר, 8, 6, 0.5413151249778466
בכול, 16, 8, 0.541310247159077
אקשן, 11, 7, 0.5413053693403076
ובגלל, 10, 7, 0.5412899229142041
תהיי, 9, 9, 0.541259843031792
